-- MySQL dump 10.13  Distrib 8.0.21, for Win64 (x86_64)
--
-- Host: localhost    Database: ofertaacademicaecuador
-- ------------------------------------------------------
-- Server version	8.0.21
/*!40103 SET @OLD_TIME_ZONE=@@TIME_ZONE */;
/*!40103 SET TIME_ZONE='+00:00' */;
/*!40014 SET @OLD_UNIQUE_CHECKS=@@UNIQUE_CHECKS, UNIQUE_CHECKS=0 */;
/*!40014 SET @OLD_FOREIGN_KEY_CHECKS=@@FOREIGN_KEY_CHECKS, FOREIGN_KEY_CHECKS=0 */;
/*!40101 SET @OLD_SQL_MODE=@@SQL_MODE, SQL_MODE='NO_AUTO_VALUE_ON_ZERO' */;
/*!40111 SET @OLD_SQL_NOTES=@@SQL_NOTES, SQL_NOTES=0 */;

--
-- Table structure for table `careers`
--

DROP TABLE IF EXISTS `careers`;
/*!40101 SET @saved_cs_client     = @@character_set_client */;
/*!50503 SET character_set_client = utf8mb4 */;
CREATE TABLE `careers` (
  `careerId` int NOT NULL AUTO_INCREMENT,
  `careerName` varchar(100) NOT NULL,
  `gradeLevel` varchar(60) DEFAULT 'Educación Superior de Grado o Tercer Nivel',
  `fieldOfStudyId` int DEFAULT NULL,
  PRIMARY KEY (`careerId`),
  KEY `id_area_estudio_formacion_idx` (`fieldOfStudyId`),
  CONSTRAINT `FieldOfStudyId` FOREIGN KEY (`fieldOfStudyId`) REFERENCES `fieldsofstudy` (`fieldOfStudyId`)
) ENGINE=InnoDB AUTO_INCREMENT=341 DEFAULT CHARSET=utf8mb4 COLLATE=utf8mb4_0900_ai_ci;
/*!40101 SET character_set_client = @saved_cs_client */;

--
-- Dumping data for table `careers`
--

LOCK TABLES `careers` WRITE;
/*!40000 ALTER TABLE `careers` DISABLE KEYS */;
INSERT INTO `careers` VALUES (1,'Acuicultura','Educación Superior de Grado o Tercer Nivel',2),(2,'Administración de empresas','Educación Superior de Grado o Tercer Nivel',8),(3,'Administración Portuaria y Aduanera','Educación Superior de Grado o Tercer Nivel',8),(4,'Administración Pública','Educación Superior de Grado o Tercer Nivel',8),(5,'Agroecología','Educación Superior de Grado o Tercer Nivel',22),(6,'Agroindustria','Educación Superior de Grado o Tercer Nivel',2),(7,'Agronomía','Educación Superior de Grado o Tercer Nivel',2),(8,'Alimentos','Educación Superior de Grado o Tercer Nivel',2),(9,'Animación Digital','Educación Superior de Grado o Tercer Nivel',4),(10,'Antropología','Educación Superior de Grado o Tercer Nivel',10),(11,'Arqueología','Educación Superior de Grado o Tercer Nivel',10),(12,'Arquitectura','Educación Superior de Grado o Tercer Nivel',5),(13,'Arquitectura Sostenible','Educación Superior de Grado o Tercer Nivel',5),(14,'Artes Escénicas','Educación Superior de Grado o Tercer Nivel',3),(15,'Artes Liberales','Educación Superior de Grado o Tercer Nivel',3),(16,'Artes Musicales','Educación Superior de Grado o Tercer Nivel',3),(17,'Artes Plásticas','Educación Superior de Grado o Tercer Nivel',3),(18,'Artes Visuales','Educación Superior de Grado o Tercer Nivel',3),(19,'Atención Prehospitalaria','Educación Superior de Grado o Tercer Nivel',6),(20,'Auditoría y Control de Gestión','Educación Superior de Grado o Tercer Nivel',8),(21,'Bibliotecología, Documentación y Archivo','Educación Superior de Grado o Tercer Nivel',10),(22,'Biocomercio','Educación Superior de Grado o Tercer Nivel',22),(23,'Biodiversidad y Recursos Genéticos','Educación Superior de Grado o Tercer Nivel',22),(24,'Biología','Educación Superior de Grado o Tercer Nivel',9),(25,'Biomedicina','Educación Superior de Grado o Tercer Nivel',6),(26,'Bioquímica y Farmacia','Educación Superior de Grado o Tercer Nivel',6),(27,'Biotecnología','Educación Superior de Grado o Tercer Nivel',22),(28,'Ciencias Políticas','Educación Superior de Grado o Tercer Nivel',11),(29,'Cine','Educación Superior de Grado o Tercer Nivel',4),(30,'Comercio','Educación Superior de Grado o Tercer Nivel',13),(31,'Comercio Exterior','Educación Superior de Grado o Tercer Nivel',13),(32,'Computación','Educación Superior de Grado o Tercer Nivel',17),(33,'Comunicación','Educación Superior de Grado o Tercer Nivel',14),(34,'Contabilidad y auditoría','Educación Superior de Grado o Tercer Nivel',8),(35,'Creación teatral','Educación Superior de Grado o Tercer Nivel',3),(36,'Danza','Educación Superior de Grado o Tercer Nivel',3),(37,'Derecho','Educación Superior de Grado o Tercer Nivel',11),(38,'Diseño de interiores','Educación Superior de Grado o Tercer Nivel',5),(39,'Diseño de productos','Educación Superior de Grado o Tercer Nivel',20),(40,'Diseño Gráfico','Educación Superior de Grado o Tercer Nivel',4),(41,'Diseño Gráfico y Control de Procesos','Educación Superior de Grado o Tercer Nivel',4),(42,'Diseño Industrial','Educación Superior de Grado o Tercer Nivel',20),(43,'Diseño Textil e Indumentaria','Educación Superior de Grado o Tercer Nivel',20),(44,'Economía','Educación Superior de Grado o Tercer Nivel',8),(45,'Ecosistemas','Educación Superior de Grado o Tercer Nivel',22),(46,'Educación','Educación Superior de Grado o Tercer Nivel',7),(47,'Educación Básica','Educación Superior de Grado o Tercer Nivel',7),(48,'Educación en Ciencias Experimentales','Educación Superior de Grado o Tercer Nivel',7),(49,'Educación Especial','Educación Superior de Grado o Tercer Nivel',7),(50,'Educación Inicial','Educación Superior de Grado o Tercer Nivel',7),(51,'Educación Intercultural Bilingüe','Educación Superior de Grado o Tercer Nivel',7),(52,'Electricidad','Educación Superior de Grado o Tercer Nivel',20),(53,'Electromecánica','Educación Superior de Grado o Tercer Nivel',20),(54,'Electrónica y Automatización','Educación Superior de Grado o Tercer Nivel',20),(55,'Emprendimiento e Innovación Social','Educación Superior de Grado o Tercer Nivel',13),(56,'Enfermería','Educación Superior de Grado o Tercer Nivel',20),(57,'Entrenamiento deportivo','Educación Superior de Grado o Tercer Nivel',13),(58,'Estadística','Educación Superior de Grado o Tercer Nivel',20),(59,'Finanzas','Educación Superior de Grado o Tercer Nivel',20),(60,'Fisioterapia','Educación Superior de Grado o Tercer Nivel',6),(61,'Fonoaudiología','Educación Superior de Grado o Tercer Nivel',6),(62,'Gastronomía','Educación Superior de Grado o Tercer Nivel',12),(63,'Género y desarrollo','Educación Superior de Grado o Tercer Nivel',11),(64,'Geociencias','Educación Superior de Grado o Tercer Nivel',22),(65,'Geografía y Territorio','Educación Superior de Grado o Tercer Nivel',10),(66,'Geología','Educación Superior de Grado o Tercer Nivel',9),(67,'Gerencia y Liderazgo','Educación Superior de Grado o Tercer Nivel',8),(68,'Gestión Ambiental','Educación Superior de Grado o Tercer Nivel',22),(69,'Gestión de la informaci├│n gerencial','Educación Superior de Grado o Tercer Nivel',8),(70,'Gestión de Riesgos y Desastres','Educación Superior de Grado o Tercer Nivel',20),(71,'Gestión del Talento humano','Educación Superior de Grado o Tercer Nivel',8),(72,'Gestión del transporte','Educación Superior de Grado o Tercer Nivel',1),(73,'Gestión Deportiva','Educación Superior de Grado o Tercer Nivel',16),(74,'Gestión Social y Desarrollo','Educación Superior de Grado o Tercer Nivel',11),(75,'Hidráulica','Educación Superior de Grado o Tercer Nivel',20),(76,'Historia','Educación Superior de Grado o Tercer Nivel',3),(77,'Hospitalidad y Hotelería','Educación Superior de Grado o Tercer Nivel',25),(78,'Imagenología y Radiología','Educación Superior de Grado o Tercer Nivel',6),(79,'Ingeniería Agrícola','Educación Superior de Grado o Tercer Nivel',2),(80,'Ingeniería Agrícola y Biológica','Educación Superior de Grado o Tercer Nivel',2),(81,'Ingeniería Ambiental','Educación Superior de Grado o Tercer Nivel',22),(82,'Ingeniería Automotriz','Educación Superior de Grado o Tercer Nivel',20),(83,'Ingeniería Civil','Educación Superior de Grado o Tercer Nivel',5),(84,'Ingeniería de la Producci├│n','Educación Superior de Grado o Tercer Nivel',20),(85,'Ingeniería Hidráulica','Educación Superior de Grado o Tercer Nivel',20),(86,'Ingeniería en Ciencias del Agua','Educación Superior de Grado o Tercer Nivel',22),(87,'Ingeniería Forestal','Educación Superior de Grado o Tercer Nivel',22),(88,'Ingeniería Industrial','Educación Superior de Grado o Tercer Nivel',20),(89,'Ingeniería Marítima','Educación Superior de Grado o Tercer Nivel',1),(90,'Ingeniería Naval','Educación Superior de Grado o Tercer Nivel',1),(91,'Ingeniería Náutica y Operaciones Mar├¡timas','Educación Superior de Grado o Tercer Nivel',1),(92,'Ingeniería Química','Educación Superior de Grado o Tercer Nivel',9),(93,'Laboratorio Clínico','Educación Superior de Grado o Tercer Nivel',6),(94,'Licenciatura en Guía de Turismo Nacional','Educación Superior de Grado o Tercer Nivel',25),(95,'Lingüística','Educación Superior de Grado o Tercer Nivel',10),(96,'Literatura','Educación Superior de Grado o Tercer Nivel',3),(97,'Logística y transporte','Educación Superior de Grado o Tercer Nivel',20),(98,'Mantenimiento Industrial','Educación Superior de Grado o Tercer Nivel',20),(99,'Matemática','Educación Superior de Grado o Tercer Nivel',9),(100,'Matemática Aplicada','Educación Superior de Grado o Tercer Nivel',9),(101,'Materiales','Educación Superior de Grado o Tercer Nivel',20),(102,'Mecánica','Educación Superior de Grado o Tercer Nivel',20),(103,'Mecatrónica','Educación Superior de Grado o Tercer Nivel',20),(104,'Medicina','Educación Superior de Grado o Tercer Nivel',6),(105,'Medicina Veterinaria','Educación Superior de Grado o Tercer Nivel',1),(106,'Mercadotecnia','Educación Superior de Grado o Tercer Nivel',21),(107,'Mercadotecnia o Marketing','Educación Superior de Grado o Tercer Nivel',21),(108,'Microbiología','Educación Superior de Grado o Tercer Nivel',6),(109,'Minas','Educación Superior de Grado o Tercer Nivel',20),(110,'Multimedia y Producción Audiovisual','Educación Superior de Grado o Tercer Nivel',4),(111,'Nanotecnolog├¡a','Educación Superior de Grado o Tercer Nivel',17),(112,'Negocios Internacionales','Educación Superior de Grado o Tercer Nivel',13),(113,'Nutrición y Dietética','Educación Superior de Grado o Tercer Nivel',6),(114,'Obstetricia','Educación Superior de Grado o Tercer Nivel',6),(115,'Oceanografía','Educación Superior de Grado o Tercer Nivel',22),(116,'Odontología','Educación Superior de Grado o Tercer Nivel',6),(117,'Optometría','Educación Superior de Grado o Tercer Nivel',6),(118,'Orientación Familiar','Educación Superior de Grado o Tercer Nivel',10),(119,'Pedagogía de la actividad física y deporte','Educación Superior de Grado o Tercer Nivel',7),(120,'Pedagogía de las artes y las humanidades','Educación Superior de Grado o Tercer Nivel',7),(121,'Pedagogía de la historia y las ciencias sociales','Educación Superior de Grado o Tercer Nivel',7),(122,'Pedagogía de los idiomas nacionales y extranjeros','Educación Superior de Grado o Tercer Nivel',7),(123,'Pedagogía de la lengua y la literatura','Educación Superior de Grado o Tercer Nivel',7),(124,'Pedagogía de las ciencias experimentales Física y matemática','Educación Superior de Grado o Tercer Nivel',7),(125,'Pedagogía de las ciencias experimentales Informática','Educación Superior de Grado o Tercer Nivel',7),(126,'Pedagogía de las ciencias experimentales de la química y biología','Educación Superior de Grado o Tercer Nivel',7),(127,'Pedagogía Musical','Educación Superior de Grado o Tercer Nivel',7),(128,'Pedagogía Técnica de la Mecatrónica','Educación Superior de Grado o Tercer Nivel',7),(129,'Periodismo','Educación Superior de Grado o Tercer Nivel',14),(130,'Petróleos','Educación Superior de Grado o Tercer Nivel',20),(131,'Petroquómica','Educación Superior de Grado o Tercer Nivel',20),(132,'Polímeros','Educación Superior de Grado o Tercer Nivel',20),(133,'Producción musical','Educación Superior de Grado o Tercer Nivel',3),(134,'Producción para medios de comunicaci├│n','Educación Superior de Grado o Tercer Nivel',23),(135,'Psicología','Educación Superior de Grado o Tercer Nivel',10),(136,'Psicología clínica','Educación Superior de Grado o Tercer Nivel',10),(137,'Psicopedagogía','Educación Superior de Grado o Tercer Nivel',7),(138,'Publicidad','Educación Superior de Grado o Tercer Nivel',21),(139,'Química','Educación Superior de Grado o Tercer Nivel',9),(140,'Relaciones Internacionales','Educación Superior de Grado o Tercer Nivel',13),(141,'Recursos naturales renovables','Educación Superior de Grado o Tercer Nivel',22),(142,'Religión','Educación Superior de Grado o Tercer Nivel',24),(143,'Riesgos de desastres','Educación Superior de Grado o Tercer Nivel',15),(144,'Seguridad industrial','Educación Superior de Grado o Tercer Nivel',20),(145,'Seguridad y Salud Ocupacional','Educación Superior de Grado o Tercer Nivel',20),(146,'Sistemas de Información','Educación Superior de Grado o Tercer Nivel',17),(147,'Sociología','Educación Superior de Grado o Tercer Nivel',10),(148,'Software','Educación Superior de Grado o Tercer Nivel',17),(149,'Sonido y Acústica','Educación Superior de Grado o Tercer Nivel',20),(150,'Tecnologías de la información','Educación Superior de Grado o Tercer Nivel',17),(151,'Tecnologías Geoespaciales','Educación Superior de Grado o Tercer Nivel',17),(152,'Telecomunicaciones','Educación Superior de Grado o Tercer Nivel',17),(153,'Telemática','Educación Superior de Grado o Tercer Nivel',17),(154,'Terapia de lenguaje','Educación Superior de Grado o Tercer Nivel',10),(155,'Terapia ocupacional','Educación Superior de Grado o Tercer Nivel',10),(156,'Textiles','Educación Superior de Grado o Tercer Nivel',20),(157,'Trabajo social','Educación Superior de Grado o Tercer Nivel',10),(158,'Turismo','Educación Superior de Grado o Tercer Nivel',25),(159,'Teología','Educación Superior de Grado o Tercer Nivel',24),(160,'Zootecnia','Educación Superior de Grado o Tercer Nivel',1),(161,'Actuación con nivel equivalente a Tecnología superior','Educación Superior de Grado o Tercer Nivel',3),(162,'Administración de Centros Infantiles con nivel equivalente a Tecnología superior','Educación Superior de Grado o Tercer Nivel',7),(163,'Animación de Cine y Televisión con nivel equivalente a Tecnología superior','Educación Superior de Grado o Tercer Nivel',4),(164,'Asesoría de Imagen con nivel equivalente a Tecnología superior','Educación Superior de Grado o Tercer Nivel',19),(165,'Asistencia en Educación Inclusiva con nivel equivalente a Tecnología superior','Educación Superior de Grado o Tercer Nivel',7),(166,'Asistencia Pedagógica con nivel equivalente a Tecnología superior','Educación Superior de Grado o Tercer Nivel',7),(167,'Comunicación Digital con nivel equivalente a Tecnología superior','Educación Superior de Grado o Tercer Nivel',20),(168,'Danza con nivel equivalente a Tecnología superior','Educación Superior de Grado o Tercer Nivel',3),(169,'Diseño de Animación y Arte Digital con nivel equivalente a Tecnolog├¡a superior','Educación Superior de Grado o Tercer Nivel',4),(170,'Diseño Fotográfico con nivel a Tecnología superior','Educación Superior de Grado o Tercer Nivel',23),(171,'Diseño Industrial con nivel equivalente a Tecnología superior','Educación Superior de Grado o Tercer Nivel',20),(172,'Diseño de Interiores con nivel equivalente a Técnico superior','Educación Superior de Grado o Tercer Nivel',5),(173,'Diseño de Interiores y Decoración con nivel equivalente a Tecnología superior','Educación Superior de Grado o Tercer Nivel',5),(174,'Diseño de Jardines con nivel equivalente a Técnico superior','Educación Superior de Grado o Tercer Nivel',5),(175,'Diseño de Joyas con nivel equivalente a Técnico superior','Educación Superior de Grado o Tercer Nivel',19),(176,'Diseño de Modas con nivel equivalente a Tecnología superior','Educación Superior de Grado o Tercer Nivel',19),(177,'Diseño Multimedia con nivel equivalente a Tecnología superior','Educación Superior de Grado o Tercer Nivel',4),(178,'Diseño Gráfico con nivel equivalente a Tecnología superior','Educación Superior de Grado o Tercer Nivel',4),(179,'Diseño Gráfico y Multimedia con nivel equivalente a Tecnología superior','Educación Superior de Grado o Tercer Nivel',4),(180,'Diseño Publicitario con nivel equivalente a Tecnología superior','Educación Superior de Grado o Tercer Nivel',21),(181,'Diseño Sonoro y Acústica con nivel equivalente a Tecnología superior','Educación Superior de Grado o Tercer Nivel',4),(182,'Dirección Técnica de Fútbol con nivel equivalente a Tecnología superior','Educación Superior de Grado o Tercer Nivel',16),(183,'Ejecución de Instrumento Musical con nivel equivalente a Tecnología superior','Educación Superior de Grado o Tercer Nivel',3),(184,'Ejecución de Instrumento Musical con nivel equivalente a Tecnología superior Guitarra','Educación Superior de Grado o Tercer Nivel',3),(185,'Ejecución de Instrumento Musical con nivel equivalente a Tecnología superior Piano','Educación Superior de Grado o Tercer Nivel',3),(186,'Ejecución de Instrumento Musical con nivel equivalente a Tecnología superior Violín','Educación Superior de Grado o Tercer Nivel',3),(187,'Entrenamiento Deportivo con nivel equivalente a Tecnología superior','Educación Superior de Grado o Tercer Nivel',16),(188,'Escultura con nivel equivalente a Tecnología superior','Educación Superior de Grado o Tercer Nivel',3),(189,'Fotografía con nivel equivalente a Tecnología superior','Educación Superior de Grado o Tercer Nivel',23),(190,'Fotografía y Sonido de Cine y Televisión con nivel equivalente a Tecnología superior','Educación Superior de Grado o Tercer Nivel',23),(191,'Guía Nacional de Turismo con nivel equivalente a Tecnología superior','Educación Superior de Grado o Tercer Nivel',25),(192,'Maquillaje Profesional con nivel equivalente a Técnico superior','Educación Superior de Grado o Tercer Nivel',19),(193,'Maquillaje y Caracterización con nivel equivalente a Técnico superior','Educación Superior de Grado o Tercer Nivel',19),(194,'Música Popular con nivel equivalente a Tecnología superior','Educación Superior de Grado o Tercer Nivel',3),(195,'Pintura con nivel equivalente a Tecnología superior','Educación Superior de Grado o Tercer Nivel',3),(196,'Producción en Comunicación Audiovisual con nivel equivalente a Tecnología superior','Educación Superior de Grado o Tercer Nivel',23),(197,'Producción en Comunicación Audiovisual y de Radio con nivel equivalente a Tecnología superior','Educación Superior de Grado o Tercer Nivel',23),(198,'Producción Multimedia con nivel equivalente a Tecnología superior','Educación Superior de Grado o Tercer Nivel',4),(199,'Producción Musical con nivel equivalente a Tecnología superior','Educación Superior de Grado o Tercer Nivel',3),(200,'Producción y Realización Audiovisual con nivel equivalente a Tecnología superior','Educación Superior de Grado o Tercer Nivel',4),(201,'Producción y Realización de Cine, TV y Video con nivel equivalente a Tecnología superior','Educación Superior de Grado o Tercer Nivel',23),(202,'Realizaci├│n y Actuaci├│n de Cine y Televisi├│n con nivel equivalente a Tecnolog├¡a superior','Educación Superior de Grado o Tercer Nivel',23),(203,'Técnico Superior en Administración','Educación Superior de Grado o Tercer Nivel',8),(204,'Técnico Superior en Administración de Microempresas','Educación Superior de Grado o Tercer Nivel',8),(205,'Técnico Superior en Contabilidad','Educación Superior de Grado o Tercer Nivel',8),(206,'Técnico Superior en Contabilidad y Administración Tributaria','Educación Superior de Grado o Tercer Nivel',8),(207,'Técnico Superior en Enfermería','Educación Superior de Grado o Tercer Nivel',6),(208,'Técnico Superior en Estética Integral','Educación Superior de Grado o Tercer Nivel',19),(209,'Técnico Superior en Estilismo del Cabello e Imagen','Educación Superior de Grado o Tercer Nivel',19),(210,'Técnico Superior en Gastronomía','Educación Superior de Grado o Tercer Nivel',12),(211,'Técnico Superior en Gestión de Producción y Servicios','Educación Superior de Grado o Tercer Nivel',20),(212,'Técnico Superior en Interpretación de Lengua de Señas','Educación Superior de Grado o Tercer Nivel',7),(213,'Técnico Superior en Mantenimiento de Software','Educación Superior de Grado o Tercer Nivel',17),(214,'Técnico Superior en Marketing','Educación Superior de Grado o Tercer Nivel',21),(215,'Técnico Superior en Mecánica y Operación de Máquinas','Educación Superior de Grado o Tercer Nivel',20),(216,'Técnico Superior en Mercadotecnia','Educación Superior de Grado o Tercer Nivel',21),(217,'Técnico Superior en Odontología','Educación Superior de Grado o Tercer Nivel',6),(218,'Técnico Superior en Obras Civiles','Educación Superior de Grado o Tercer Nivel',20),(219,'Técnico Superior en Planificación y Gestión del Tránsito','Educación Superior de Grado o Tercer Nivel',20),(220,'Técnico Superior en Producción Agrícola','Educación Superior de Grado o Tercer Nivel',2),(221,'Técnico Superior en Ventas','Educación Superior de Grado o Tercer Nivel',13),(222,'Tecnología en Comunicación Audiovisual','Educación Superior de Grado o Tercer Nivel',4),(223,'Tecnología en Contabilidad y Asesoría Tributaria','Educación Superior de Grado o Tercer Nivel',8),(224,'Tecnología en Desarrollo Infantil Integral','Educación Superior de Grado o Tercer Nivel',7),(225,'Tecnología en Desarrollo de Software','Educación Superior de Grado o Tercer Nivel',17),(226,'Tecnología en Docencia','Educación Superior de Grado o Tercer Nivel',7),(227,'Tecnología en Estética Integral','Educación Superior de Grado o Tercer Nivel',19),(228,'Tecnología en Gestión Turística, menci├│n Gastronom├¡a','Educación Superior de Grado o Tercer Nivel',12),(229,'Tecnología en Naturopatía','Educación Superior de Grado o Tercer Nivel',6),(230,'Tecnología en Sonido y Acústica','Educación Superior de Grado o Tercer Nivel',4),(231,'Tecnología en Teología','Educación Superior de Grado o Tercer Nivel',24),(232,'Tecnología Superior en Actividad Física Deportiva y Recreación','Educación Superior de Grado o Tercer Nivel',16),(233,'Tecnología Superior en Actuación y Dirección Escénica','Educación Superior de Grado o Tercer Nivel',4),(234,'Tecnología Superior en Acuicultura','Educación Superior de Grado o Tercer Nivel',2),(235,'Tecnología Superior en Administración','Educación Superior de Grado o Tercer Nivel',8),(236,'Tecnología Superior en Administración Aduanera','Educación Superior de Grado o Tercer Nivel',8),(237,'Tecnología Superior en Administración de Empresas','Educación Superior de Grado o Tercer Nivel',8),(238,'Tecnología Superior en Asistencia Administrativa','Educación Superior de Grado o Tercer Nivel',8),(239,'Tecnología Superior en Asistencia en Farmacia','Educación Superior de Grado o Tercer Nivel',5),(240,'Tecnología Superior en Administración y Gestión de Cartera','Educación Superior de Grado o Tercer Nivel',13),(241,'Tecnología Superior en Administración Hotelera','Educación Superior de Grado o Tercer Nivel',25),(242,'Tecnología Superior en Administración de Sistemas de Gestión de Calidad','Educación Superior de Grado o Tercer Nivel',20),(243,'Tecnología Superior en Administración Financiera','Educación Superior de Grado o Tercer Nivel',8),(244,'Tecnología Superior en Administración para Economía Popular y Solidaria, Micros y Pequeñas Empresas','Educación Superior de Grado o Tercer Nivel',8),(245,'Tecnología Superior en Agroecología','Educación Superior de Grado o Tercer Nivel',22),(246,'Tecnología Superior en Agroforestería','Educación Superior de Grado o Tercer Nivel',2),(247,'Tecnología Superior en Agropecuaria Andina','Educación Superior de Grado o Tercer Nivel',2),(248,'Tecnología Superior en Agua y Saneamiento Ambiental','Educación Superior de Grado o Tercer Nivel',22),(249,'Tecnología Superior en Análisis de Sistemas','Educación Superior de Grado o Tercer Nivel',17),(250,'Tecnología Superior en Auditoría','Educación Superior de Grado o Tercer Nivel',8),(251,'Tecnología Superior en Automatización e Instrumentación','Educación Superior de Grado o Tercer Nivel',20),(252,'Tecnología Superior en Biotecnología','Educación Superior de Grado o Tercer Nivel',22),(253,'Tecnología Superior en Call Contact Center','Educación Superior de Grado o Tercer Nivel',23),(254,'Tecnología Superior en Ciberseguridad','Educación Superior de Grado o Tercer Nivel',17),(255,'Tecnología Superior en Comercio Exterior','Educación Superior de Grado o Tercer Nivel',13),(256,'Tecnología Superior en Comercio Exterior y Marketing Internacional','Educación Superior de Grado o Tercer Nivel',13),(257,'Tecnología Superior en Comunicación mención Radiodifusión','Educación Superior de Grado o Tercer Nivel',23),(258,'Tecnología Superior en Comunicación para Televisión e Información y Noticias','Educación Superior de Grado o Tercer Nivel',23),(259,'Tecnología Superior en Comunicación para Televisión Relaciones Públicas y Protocolo','Educación Superior de Grado o Tercer Nivel',23),(260,'Tecnología Superior en Comunicaciones y Relaciones Públicas','Educación Superior de Grado o Tercer Nivel',23),(261,'Tecnología Superior en Confección Textil','Educación Superior de Grado o Tercer Nivel',20),(262,'Tecnología Superior en Contabilidad','Educación Superior de Grado o Tercer Nivel',8),(263,'Tecnología Superior en Construcción','Educación Superior de Grado o Tercer Nivel',20),(264,'Tecnología Superior en Construcciones Andinas','Educación Superior de Grado o Tercer Nivel',20),(265,'Tecnología Superior en Desarrollo Ambiental','Educación Superior de Grado o Tercer Nivel',22),(266,'Tecnología Superior en Desarrollo de Aplicaciones Móviles','Educación Superior de Grado o Tercer Nivel',17),(267,'Tecnología Superior en Desarrollo de Aplicaciones Web','Educación Superior de Grado o Tercer Nivel',17),(268,'Tecnología Superior en Desarrollo Humano,personal y social','Educación Superior de Grado o Tercer Nivel',23),(269,'Tecnología Superior en Desarrollo Infantil Integral','Educación Superior de Grado o Tercer Nivel',7),(270,'Tecnología Superior en Desarrollo de Software','Educación Superior de Grado o Tercer Nivel',17),(271,'Tecnología Superior en Dietética y Cocina Light','Educación Superior de Grado o Tercer Nivel',6),(272,'Tecnología Superior en Diseño y Gestión de Bases de Datos','Educación Superior de Grado o Tercer Nivel',17),(273,'Tecnología Superior en Diseño Gráfico y Multimedia','Educación Superior de Grado o Tercer Nivel',4),(274,'Tecnología Superior en Diseño y Mantenimiento de Redes','Educación Superior de Grado o Tercer Nivel',17),(275,'Tecnología Superior en Electricidad','Educación Superior de Grado o Tercer Nivel',20),(276,'Tecnología Superior en Electromecánica','Educación Superior de Grado o Tercer Nivel',20),(277,'Tecnología Superior en Electromecánica Automotriz','Educación Superior de Grado o Tercer Nivel',20),(278,'Tecnología Superior en Electrónica','Educación Superior de Grado o Tercer Nivel',20),(279,'Tecnología Superior en Emergencias Médicas','Educación Superior de Grado o Tercer Nivel',6),(280,'Tecnología Superior en Enfermería','Educación Superior de Grado o Tercer Nivel',6),(281,'Tecnología Superior en Ensamblaje y Mantenimiento de Equipos de Cómputo','Educación Superior de Grado o Tercer Nivel',17),(282,'Tecnología Superior en Estética Integral','Educación Superior de Grado o Tercer Nivel',19),(283,'Tecnología Superior en Fabricación de Calzado','Educación Superior de Grado o Tercer Nivel',19),(284,'Tecnologlía Superior en Floricultura','Educación Superior de Grado o Tercer Nivel',2),(285,'Tecnología Superior en Florifruticultura','Educación Superior de Grado o Tercer Nivel',2),(286,'Tecnología Superior en Gastronomía','Educación Superior de Grado o Tercer Nivel',12),(287,'Tecnología Superior en Gestión Ambiental','Educación Superior de Grado o Tercer Nivel',22),(288,'Tecnología Superior en Gestión de Calidad','Educación Superior de Grado o Tercer Nivel',20),(289,'Tecnología Superior en Impresión Offset y Acabados','Educación Superior de Grado o Tercer Nivel',23),(290,'Tecnología Superior en Gestión de Operaciones Turísticas','Educación Superior de Grado o Tercer Nivel',25),(291,'Tecnología Superior en Gestión de Producción y Servicios','Educación Superior de Grado o Tercer Nivel',20),(292,'Tecnología Superior en Gestión del Talento Humano','Educación Superior de Grado o Tercer Nivel',8),(293,'Tecnología Superior en Hotelería','Educación Superior de Grado o Tercer Nivel',25),(294,'Tecnología Superior en Locución y Producción de Radio','Educación Superior de Grado o Tercer Nivel',23),(295,'Tecnología Superior en Logística en Almacenamiento y Distribución','Educación Superior de Grado o Tercer Nivel',20),(296,'Tecnología Superior en Logística Multimodal','Educación Superior de Grado o Tercer Nivel',20),(297,'Tecnología Superior en Logística Portuaria','Educación Superior de Grado o Tercer Nivel',20),(298,'Tecnología Superior en Logística y Transporte','Educación Superior de Grado o Tercer Nivel',20),(299,'Tecnología Superior en Mantenimiento Eléctrico y Control Industrial','Educación Superior de Grado o Tercer Nivel',20),(300,'Tecnología Superior en Mantenimiento y Reparación de Motores a Diesel y Gasolina','Educación Superior de Grado o Tercer Nivel',20),(301,'Tecnología Superior en Marketing','Educación Superior de Grado o Tercer Nivel',21),(302,'Tecnología Superior en Marketing Digital y Comercio Electr├│nico','Educación Superior de Grado o Tercer Nivel',21),(303,'Tecnología Superior en Mercadotecnia','Educación Superior de Grado o Tercer Nivel',21),(304,'Tecnología Superior en Mecánica Aeronáutica','Educación Superior de Grado o Tercer Nivel',1),(305,'Tecnología Superior en Mecánica Automotriz','Educación Superior de Grado o Tercer Nivel',20),(306,'Tecnología Superior en Mecánica Dental','Educación Superior de Grado o Tercer Nivel',6),(307,'Tecnología Superior en Mecánica Industrial','Educación Superior de Grado o Tercer Nivel',20),(308,'Tecnología Superior en Mecánica Naval','Educación Superior de Grado o Tercer Nivel',1),(309,'Tecnología Superior en Medición y Monitoreo Ambiental','Educación Superior de Grado o Tercer Nivel',22),(310,'Tecnología Superior en Optometría','Educación Superior de Grado o Tercer Nivel',6),(311,'Tecnología Superior en Parvularia','Educación Superior de Grado o Tercer Nivel',7),(312,'Tecnología Superior en Planificación y Gestión de Transporte Terrestre','Educación Superior de Grado o Tercer Nivel',1),(313,'Tecnología Superior en Podología','Educación Superior de Grado o Tercer Nivel',6),(314,'Tecnología Superior en Procesamiento de Alimentos','Educación Superior de Grado o Tercer Nivel',2),(315,'Tecnología Superior en Producción Agrícola','Educación Superior de Grado o Tercer Nivel',2),(316,'Tecnología Superior en Producción Agropecuaria','Educación Superior de Grado o Tercer Nivel',2),(317,'Tecnología Superior en Producción Animal','Educación Superior de Grado o Tercer Nivel',2),(318,'Tecnología Superior en Protección del Medio Ambiente','Educación Superior de Grado o Tercer Nivel',22),(319,'Tecnología Superior en Producción y Comunicación Audiovisual','Educación Superior de Grado o Tercer Nivel',23),(320,'Tecnología Superior en Producción Pecuaria','Educación Superior de Grado o Tercer Nivel',2),(321,'Tecnología Superior en Producción Realización y Dirección de Televisión','Educación Superior de Grado o Tercer Nivel',23),(322,'Tecnología Superior en Promoción de la Salud','Educación Superior de Grado o Tercer Nivel',6),(323,'Tecnología Superior en Promoción y Defensoría Social','Educación Superior de Grado o Tercer Nivel',11),(324,'Tecnología Superior en Publicidad','Educación Superior de Grado o Tercer Nivel',21),(325,'Tecnología Superior en Química','Educación Superior de Grado o Tercer Nivel',9),(326,'Tecnología Superior en Redes y Telecomunicaciones','Educación Superior de Grado o Tercer Nivel',17),(327,'Tecnología Superior en Refrigeración y Aire Acondicionado','Educación Superior de Grado o Tercer Nivel',20),(328,'Tecnología Superior en Secretariado Ejecutivo','Educación Superior de Grado o Tercer Nivel',8),(329,'Tecnología Superior en Seguridad Ciudadana y Orden Público','Educación Superior de Grado o Tercer Nivel',15),(330,'Tecnología Superior en Seguridad e Higiene del Trabajo','Educación Superior de Grado o Tercer Nivel',20),(331,'Tecnología Superior en Seguridad y Prevención de Riesgos Laborales','Educación Superior de Grado o Tercer Nivel',20),(332,'Tecnología Superior en Seguros y Riesgos','Educación Superior de Grado o Tercer Nivel',20),(333,'Tecnología Superior en Servicios y Operaciones Turísticas Multilingües','Educación Superior de Grado o Tercer Nivel',25),(334,'Tecnología Superior en Telemática','Educación Superior de Grado o Tercer Nivel',17),(335,'Tecnología Superior en Terapias Integrales de la medicina andina','Educación Superior de Grado o Tercer Nivel',6),(336,'Tecnología Superior en Tráfico Aèreo','Educación Superior de Grado o Tercer Nivel',1),(337,'Tecnología Superior en Tributación','Educación Superior de Grado o Tercer Nivel',8),(338,'Tecnología Superior en Tricología y Cosmiatría','Educación Superior de Grado o Tercer Nivel',19),(339,'Tecnología Superior en Turismo','Educación Superior de Grado o Tercer Nivel',25),(340,'Tecnología Superior en Ventas','Educación Superior de Grado o Tercer Nivel',13);
/*!40000 ALTER TABLE `careers` ENABLE KEYS */;
UNLOCK TABLES;

--
-- Table structure for table `careers_faculties`
--

DROP TABLE IF EXISTS `careers_faculties`;
/*!40101 SET @saved_cs_client     = @@character_set_client */;
/*!50503 SET character_set_client = utf8mb4 */;
CREATE TABLE `careers_faculties` (
  `carrerFacultyId` int NOT NULL AUTO_INCREMENT,
  `facultyId` int DEFAULT NULL,
  `carrerId` int DEFAULT NULL,
  PRIMARY KEY (`carrerFacultyId`),
  KEY `id_decanatos_idx` (`facultyId`),
  KEY `id_formacion_idx` (`carrerId`),
  CONSTRAINT `careerId` FOREIGN KEY (`carrerId`) REFERENCES `careers` (`careerId`),
  CONSTRAINT `facultyId` FOREIGN KEY (`facultyId`) REFERENCES `faculties` (`facultyId`)
) ENGINE=InnoDB DEFAULT CHARSET=utf8mb4 COLLATE=utf8mb4_0900_ai_ci;
/*!40101 SET character_set_client = @saved_cs_client */;

--
-- Dumping data for table `careers_faculties`
--

LOCK TABLES `careers_faculties` WRITE;
/*!40000 ALTER TABLE `careers_faculties` DISABLE KEYS */;
/*!40000 ALTER TABLE `careers_faculties` ENABLE KEYS */;
UNLOCK TABLES;

--
-- Table structure for table `careers_modalities`
--

DROP TABLE IF EXISTS `careers_modalities`;
/*!40101 SET @saved_cs_client     = @@character_set_client */;
/*!50503 SET character_set_client = utf8mb4 */;
CREATE TABLE `careers_modalities` (
  `careerModalityId` int NOT NULL AUTO_INCREMENT,
  `careerId` int DEFAULT NULL,
  `modalityId` int DEFAULT NULL,
  PRIMARY KEY (`careerModalityId`),
  KEY `id_modalidad_idx` (`modalityId`),
  KEY `id_formaciones_idx` (`careerId`),
  CONSTRAINT `idCareer` FOREIGN KEY (`careerId`) REFERENCES `careers` (`careerId`),
  CONSTRAINT `idModality` FOREIGN KEY (`modalityId`) REFERENCES `modalities` (`modalityId`)
) ENGINE=InnoDB AUTO_INCREMENT=227 DEFAULT CHARSET=utf8mb4 COLLATE=utf8mb4_0900_ai_ci;
/*!40101 SET character_set_client = @saved_cs_client */;

--
-- Dumping data for table `careers_modalities`
--

LOCK TABLES `careers_modalities` WRITE;
/*!40000 ALTER TABLE `careers_modalities` DISABLE KEYS */;
INSERT INTO `careers_modalities` VALUES (1,1,1),(2,2,1),(3,2,2),(4,2,3),(5,2,4),(6,2,5),(7,3,1),(8,4,1),(9,4,3),(10,5,1),(11,6,1),(12,7,1),(13,8,1),(14,9,1),(15,10,1),(16,11,1),(17,12,1),(18,12,2),(19,13,1),(20,14,1),(21,15,1),(22,16,1),(23,17,1),(24,18,1),(25,19,1),(26,20,1),(27,21,1),(28,22,1),(29,23,1),(30,24,1),(31,25,1),(32,26,1),(33,27,1),(34,28,1),(35,29,1),(36,30,1),(37,30,2),(38,31,1),(39,31,3),(40,31,4),(41,32,1),(42,32,4),(43,33,1),(44,33,2),(45,33,3),(46,33,4),(47,34,1),(48,34,2),(49,34,3),(50,34,4),(51,35,1),(52,36,1),(53,37,1),(54,37,2),(55,37,3),(56,38,1),(57,39,1),(58,40,1),(59,41,1),(60,42,1),(61,43,1),(62,44,1),(63,44,2),(64,44,3),(65,44,4),(66,45,1),(67,46,1),(68,47,1),(69,47,2),(70,47,3),(71,48,1),(72,49,1),(73,50,1),(74,50,2),(75,50,3),(76,50,4),(77,51,1),(78,52,1),(79,53,1),(80,54,1),(81,55,1),(82,55,3),(83,56,1),(84,57,1),(85,58,1),(86,59,1),(87,59,3),(88,59,4),(89,60,1),(90,61,1),(91,62,1),(92,62,2),(93,63,1),(94,64,1),(95,65,1),(96,66,1),(97,67,1),(98,68,1),(99,68,2),(100,68,3),(101,69,1),(102,70,1),(103,71,1),(104,71,3),(105,72,1),(106,72,2),(107,73,1),(108,74,1),(109,75,1),(110,76,1),(111,77,1),(112,77,2),(113,78,1),(114,79,1),(115,80,1),(116,81,1),(117,82,1),(118,83,1),(119,84,1),(120,85,1),(121,86,1),(122,87,1),(123,88,1),(124,88,2),(125,89,1),(126,90,1),(127,91,1),(128,92,1),(129,93,1),(130,94,1),(131,95,1),(132,96,1),(133,97,1),(134,97,3),(135,98,1),(136,99,1),(137,100,1),(138,101,1),(139,102,1),(140,103,1),(141,104,1),(142,105,1),(143,106,1),(144,106,2),(145,106,3),(146,106,4),(147,107,1),(148,108,1),(149,109,1),(150,110,1),(151,111,1),(152,112,1),(153,112,4),(154,113,1),(155,114,1),(156,115,1),(157,116,1),(158,117,1),(159,118,1),(160,119,1),(161,120,1),(162,120,2),(163,121,1),(164,122,1),(165,122,3),(166,122,4),(167,123,1),(168,123,2),(169,123,3),(170,124,1),(171,124,2),(172,124,3),(173,125,1),(174,126,1),(175,126,3),(176,127,2),(177,128,1),(178,129,1),(179,130,1),(180,131,1),(181,132,1),(182,133,1),(183,134,1),(184,135,1),(185,135,2),(186,135,3),(187,135,4),(188,136,1),(189,137,1),(190,138,1),(191,138,2),(192,139,1),(193,140,1),(194,141,1),(195,142,3),(196,143,1),(197,144,1),(198,145,1),(199,145,2),(200,146,1),(201,146,2),(202,147,1),(203,148,1),(204,148,2),(205,149,1),(206,150,1),(207,150,3),(208,150,4),(209,151,1),(210,152,1),(211,152,2),(212,153,1),(213,154,1),(214,155,1),(215,156,1),(216,157,1),(217,157,2),(218,157,3),(219,157,4),(220,158,1),(221,158,2),(222,158,3),(223,158,4),(224,159,1),(225,159,4),(226,160,1);
/*!40000 ALTER TABLE `careers_modalities` ENABLE KEYS */;
UNLOCK TABLES;

--
-- Table structure for table `educationalinstitutions`
--

DROP TABLE IF EXISTS `educationalinstitutions`;
/*!40101 SET @saved_cs_client     = @@character_set_client */;
/*!50503 SET character_set_client = utf8mb4 */;
CREATE TABLE `educationalinstitutions` (
  `educationalInstitutionId` int NOT NULL AUTO_INCREMENT,
  `institutionName` varchar(255) CHARACTER SET utf8mb4 COLLATE utf8mb4_0900_ai_ci DEFAULT NULL,
  `kindOfInstitution` varchar(30) NOT NULL,
  `educationalLevel` varchar(60) NOT NULL,
  `parentLocation` varchar(100) NOT NULL,
  PRIMARY KEY (`educationalInstitutionId`)
) ENGINE=InnoDB AUTO_INCREMENT=231 DEFAULT CHARSET=utf8mb4 COLLATE=utf8mb4_0900_ai_ci;
/*!40101 SET character_set_client = @saved_cs_client */;

--
-- Dumping data for table `educationalinstitutions`
--

LOCK TABLES `educationalinstitutions` WRITE;
/*!40000 ALTER TABLE `educationalinstitutions` DISABLE KEYS */;
INSERT INTO `educationalinstitutions` VALUES (1,'UNIVERSIDAD CENTRAL DEL ECUADOR','pública','Universitario','QUITO'),(2,'UNIVERSIDAD DE CUENCA','pública','Universitario','CUENCA'),(3,'UNIVERSIDAD ESTATAL DE BOLIVAR','pública','Universitario','GUARANDA'),(4,'UNIVERSIDAD NACIONAL DE EDUCACION','pública','Universitario','AZOGUES'),(5,'UNIVERSIDAD POLITECNICA ESTATAL DE CARCHI','pública','Universitario','TULCAN'),(6,'ESCUELA SUPERIOR POLITECNICA DE CHIMBORAZO','pública','Universitario','RIOBAMBA'),(7,'UNIVERSIDAD NACIONAL DE CHIMBORAZO','pública','Universitario','RIOBAMBA'),(8,'UNIVERSIDAD DE LAS FUERZAS ARMADAS','pública','Universitario','SANGOLQUI'),(9,'UNIVERSIDAD TECNICA DE COTOPAXI','pública','Universitario','LATACUNGA'),(10,'UNIVERSIDAD TECNICA DE MACHALA','pública','Universitario','MACHALA'),(11,'UNIVERSIDAD TECNICA LUIS VARGAS TORRES','pública','Universitario','ESMERALDAS'),(12,'ESCUELA SUPERIOR POLITECNICA DEL LITORAL','pública','Universitario','GUAYAQUIL'),(13,'UNIVERSIDAD AGRARIA DEL ECUADOR','pública','Universitario','GUAYAQUIL'),(14,'UNIVERSIDAD DE GUAYAQUIL','pública','Universitario','GUAYAQUIL'),(15,'UNIVERSIDAD DE LAS ARTES','pública','Universitario','GUAYAQUIL'),(16,'UNIVERSIDAD ESTATAL DEL MILAGRO','pública','Universitario','MILAGRO'),(17,'UNIVERSIDAD TECNICA DEL NORTE','pública','Universitario','IBARRA'),(18,'UNIVERSIDAD DE INVESTIGACION DE TECNOLOGIA EXPERIMENTAL YACHAY','pública','Universitario','SAN MIGUEL DE URCUQUI'),(19,'UNIVERSIDAD NACIONAL DE LOJA','pública','Universitario','LOJA'),(20,'UNIVERSIDAD TECNICA DE BABAHOYO','pública','Universitario','BABAHOYO'),(21,'UNIVERSIDAD TECNICA ESTATAL DE QUEVEDO','pública','Universitario','QUEVEDO'),(22,'ESCUELA SUPERIOR POLITECNICA AGROPECUARIA DE MANABI MANUEL FELIX LOPEZ','pública','Universitario','CALCETA'),(23,'UNIVERSIDAD ESTATAL DEL SUR DE MANABI','pública','Universitario','JIPIJAPA'),(24,'UNIVERSIDAD LAICA ELOY ALFARO DE MANABI','pública','Universitario','MANTA'),(25,'UNIVERSIDAD TECNICA DE MANABI','pública','Universitario','PORTOVIEJO'),(26,'UNIVERSIDAD REGIONAL AMAZONICA IKIAM','pública','Universitario','TENA'),(27,'UNIVERSIDAD ESTATAL AMAZONICA','pública','Universitario','PUYO'),(28,'ESCUELA POLITECNICA NACIONAL','pública','Universitario','QUITO'),(29,'UNIVERSIDAD ESTATAL DE LA PENINSULA DE SANTA ELENA','pública','Universitario','LA LIBERTAD'),(30,'UNIVERSIDAD TÉCNICA DE AMBATO','pública','Universitario','AMBATO'),(31,'CONSERVATORIO SUPERIOR JOSE MARIA RODRIGUEZ','pública','Tecnológico','CUENCA'),(32,'INSTITUTO SUPERIOR TECNOLÓGICO DEL AZUAY','pública','Tecnológico','CUENCA'),(33,'INSTITUTO SUPERIOR TECNOLÓGICO ANGEL POLIBIO CHAVES','pública','Tecnológico','GUARANDA'),(34,'INSTITUTO SUPERIOR TECNOLÓGICO DE GUARANDA','pública','Tecnológico','GUARANDA'),(35,'INSTITUTO SUPERIOR TECNOLÓGICO SAN PABLO DE ATENAS','pública','Tecnológico','SAN PABLO DE ATENAS'),(36,'INSTITUTO SUPERIOR TECNOLÓGICO SHIMIATUK KUNAPAK JATUN KAPARI','pública','Tecnológico','SIMI├üTUG'),(37,'INSTITUTO SUPERIOR TECNOLÓGICO TRES DE MARZO','pública','Tecnológico','SAN JOS├ë DE CHIMBO'),(38,'INSTITUTO SUPERIOR PEDAGOGICO QUILLOAC - BILING├£E INTERCULTURAL','pública','Tecnológico','CA├æAR'),(39,'INSTITUTO SUPERIOR TECNOLÓGICO ANDRES F. CORDOVA','pública','Tecnológico','AZOGUES'),(40,'INSTITUTO SUPERIOR TECNOLÓGICO ENRIQUE NOBOA ARIZAGA','pública','Tecnológico','LA TRONCAL'),(41,'INSTITUTO SUPERIOR TECNOLÓGICO JOSE BENIGNO IGLESIAS','pública','Tecnológico','BIBLIAN'),(42,'INSTITUTO SUPERIOR TECNOLÓGICO JUAN BAUTISTA VASQUEZ','pública','Tecnológico','AZOGUES'),(43,'INSTITUTO SUPERIOR TECNOLÓGICO LUIS ROGERIO GONZALES','pública','Tecnológico','AZOGUES'),(44,'INSTITUTO SUPERIOR TECNOLÓGICO ALFONSO HERRERA','pública','Tecnológico','EL ANGEL'),(45,'INSTITUTO SUPERIOR TECNOLÓGICO TULCÁN','pública','Tecnológico','TULCAN'),(46,'INSTITUTO SUPERIOR TECNOLÓGICO VICENTE FIERRO','pública','Tecnológico','TULCAN'),(47,'INSTITUTO SUPERIOR PEDAGOGICO JAIME ROLDOS AGUILERA - BILING├£E INTERCULTURAL','pública','Tecnológico','COLTA'),(48,'INSTITUTO SUPERIOR TECNOLÓGICO CARLOS CISNEROS','pública','Tecnológico','RIOBAMBA'),(49,'INSTITUTO SUPERIOR TECNOLÓGICO EUGENIO ESPEJO','pública','Tecnológico','RIOBAMBA'),(50,'INSTITUTO SUPERIOR TECNOLÓGICO ISABEL DE GODIN','pública','Tecnológico','RIOBAMBA'),(51,'INSTITUTO SUPERIOR TECNOLÓGICO JUAN DE VELASCO','pública','Tecnológico','RIOBAMBA'),(52,'INSTITUTO SUPERIOR TECNOLÓGICO MANUEL GALECIO','pública','Tecnológico','ALAUS├ì'),(53,'INSTITUTO SUPERIOR TECNOLÓGICO RIOBAMBA','pública','Tecnológico','RIOBAMBA'),(54,'INSTITUTO SUPERIOR TECNOLÓGICO COTOPAXI','pública','Tecnológico','LATACUNGA'),(55,'INSTITUTO SUPERIOR TECNOLÓGICO LA MANA','pública','Tecnológico','LA MANA'),(56,'INSTITUTO SUPERIOR TECNOLÓGICO VICENTE LEON','pública','Tecnológico','LATACUNGA'),(57,'INSTITUTO SUPERIOR TECNOLÓGICO VICTORIA VASCONEZ CUVI','pública','Tecnológico','LATACUNGA'),(58,'INSTITUTO SUPERIOR TECNOLÓGICO EL ORO','pública','Tecnológico','MACHALA'),(59,'INSTITUTO SUPERIOR TECNOLÓGICO HUAQUILLAS','pública','Tecnológico','HUAQUILLAS'),(60,'INSTITUTO SUPERIOR TECNOLÓGICO ISMAEL PEREZ PAZMINO','pública','Tecnológico','MACHALA'),(61,'INSTITUTO SUPERIOR TECNOLÓGICO JOSE OCHOA LEON','pública','Tecnológico','PASAJE'),(62,'INSTITUTO SUPERIOR TECNOLÓGICO MANUEL ENCALADA ZUNIGA','pública','Tecnológico','EL GUABO'),(63,'INSTITUTO SUPERIOR TÉCNICO CINCO DE AGOSTO','pública','Tecnológico','ESMERALDAS'),(64,'INSTITUTO SUPERIOR TECNOLÓGICO ELOY ALFARO','pública','Tecnológico','ESMERALDAS'),(65,'INSTITUTO SUPERIOR TECNOLÓGICO LUIS TELLO','pública','Tecnológico','ESMERALDAS'),(66,'INSTITUTO SUPERIOR TECNOLÓGICO QUININDE','pública','Tecnológico','QUININDE'),(67,'INSTITUTO SUPERIOR TECNOLÓGICO ANA PAREDES DE ALFARO','pública','Tecnológico','GUAYAQUIL'),(68,'INSTITUTO SUPERIOR TECNOLÓGICO DE ARTES DEL ECUADOR','pública','Tecnológico','GUAYAQUIL'),(69,'INSTITUTO SUPERIOR TECNOLÓGICO GUAYAQUIL','pública','Tecnológico','GUAYAQUIL'),(70,'INSTITUTO SUPERIOR TECNOLÓGICO JUAN BAUTISTA AGUIRRE','pública','Tecnológico','DAULE'),(71,'INSTITUTO SUPERIOR TECNOLÓGICO SIMON BOLIVAR','pública','Tecnológico','GUAYAQUIL'),(72,'INSTITUTO SUPERIOR TECNOLÓGICO VICENTE ROCAFUERTE','pública','Tecnológico','GUAYAQUIL'),(73,'INSTITUTO SUPERIOR TECNOLÓGICO 17 DE JULIO','pública','Tecnológico','URCUQUI'),(74,'INSTITUTO SUPERIOR TECNOLÓGICO COTACACHI','pública','Tecnológico','COTACACHI'),(75,'INSTITUTO SUPERIOR TECNOLÓGICO DANIEL REYES','pública','Tecnológico','IBARRA'),(76,'INSTITUTO SUPERIOR TECNOLÓGICO LUIS ULPIANO DE LA TORRE','pública','Tecnológico','COTACACHI'),(77,'INSTITUTO SUPERIOR TECNOLÓGICO REPUBLICA DEL ECUADOR','pública','Tecnológico','COTACACHI'),(78,'INSTITUTO SUPERIOR TECNOLÓGICO CARIAMANGA','pública','Tecnológico','CARIAMANGA'),(79,'INSTITUTO SUPERIOR TECNOLOGICO LOJA','pública','Tecnológico','LOJA'),(80,'INSTITUTO SUPERIOR TÉCNICO EUGENIO ESPEJO','pública','Tecnológico','BABAHOYO'),(81,'INSTITUTO SUPERIOR TECNOLÓGICO AGUIRRE ABAD','pública','Tecnológico','MONTALVO'),(82,'INSTITUTO SUPERIOR TECNOLÓGICO BABAHOYO','pública','Tecnológico','BABAHOYO'),(83,'INSTITUTO SUPERIOR TECNOLÓGICO CIUDAD DE VALENCIA','pública','Tecnológico','QUEVEDO'),(84,'INSTITUTO SUPERIOR TECNOLÓGICO SIETE DE OCTUBRE','pública','Tecnológico','QUEVEDO'),(85,'INSTITUTO SUPERIOR TECNOLÓGICO LUIS ARBOLEDA MARTINEZ','pública','Tecnológico','MANTA'),(86,'INSTITUTO SUPERIOR TECNOLÓGICO PAULO EMILIO MACIAS','pública','Tecnológico','PORTOVIEJO'),(87,'INSTITUTO SUPERIOR TECNOLÓGICO LIMON','pública','Tecnológico','GENERAL LEONIDAS PLAZA GUTIERREZ'),(88,'INSTITUTO SUPERIOR TECNOLÓGICO SUCÚA','pública','Tecnológico','SUCÚA'),(89,'INSTITUTO SUPERIOR TECNOLÓGICO TENA','pública','Tecnológico','TENA'),(90,'INSTITUTO SUPERIOR PEDAGOGICO CANELOS - BILINGUE INTERCULTURAL','pública','Tecnológico','CANELOS'),(91,'INSTITUTO SUPERIOR TECNOLÓGICO FRANCISCO DE ORELLANA','pública','Tecnológico','PUYO'),(92,'CONSERVATORIO SUPERIOR NACIONAL DE MUSICA','pública','Tecnológico','QUITO'),(93,'INSTITUTO SUPERIOR TECNOLÓGICO BENITO JUAREZ','pública','Tecnológico','QUITO'),(94,'INSTITUTO SUPERIOR TECNOLÓGICO CENTRAL TÉCNICO','pública','Tecnológico','QUITO'),(95,'INSTITUTO SUPERIOR TECNOLÓGICO CONSEJO PROVINCIAL DE PICHINCHA','pública','Tecnológico','QUITO'),(96,'INSTITUTO SUPERIOR TECNOLÓGICO DE TURISMO Y PATRIMONIO YAVIRAC','pública','Tecnológico','QUITO'),(97,'INSTITUTO SUPERIOR TECNOLÓGICO GRAN COLOMBIA','pública','Tecnológico','QUITO'),(98,'INSTITUTO SUPERIOR TECNOLÓGICO LUIS NAPOLEON DILLON','pública','Tecnológico','QUITO'),(99,'INSTITUTO SUPERIOR TECNOLÓGICO NELSON TORRES','pública','Tecnológico','CAYAMBE'),(100,'INSTITUTO SUPERIOR TECNOLÓGICO SUCRE','pública','Tecnológico','QUITO'),(101,'INSTITUTO SUPERIOR TECNOLÓGICO CALAZACON','pública','Tecnológico','SANTO DOMINGO'),(102,'INSTITUTO SUPERIOR TECNOLÓGICO TSACHILA','pública','Tecnológico','SANTO DOMINGO'),(103,'INSTITUTO SUPERIOR PEDAGOGICO MARTHA BUCARAM DE ROLDOS BILINGÜE INTERCULTURAL','pública','Tecnológico','LAGO AGRIO'),(104,'INSTITUTO SUPERIOR TECNOLÓGICO BAÑOS','pública','Tecnológico','BAÑOS'),(105,'INSTITUTO SUPERIOR TECNOLÓGICO BENJAMIN ARAUJO','pública','Tecnológico','PATATE'),(106,'INSTITUTO SUPERIOR TECNOLÓGICO BOLIVAR','pública','Tecnológico','AMBATO'),(107,'INSTITUTO SUPERIOR TECNOLÓGICO GUAYAQUIL-AMBATO','pública','Tecnológico','AMBATO'),(108,'INSTITUTO SUPERIOR TECNOLÓGICO LUIS A. MARTINEZ','pública','Tecnológico','AMBATO'),(109,'INSTITUTO SUPERIOR TECNOLÓGICO MARIA NATALIA VACA','pública','Tecnológico','AMBATO'),(110,'INSTITUTO SUPERIOR TECNOLÓGICO OSCAR EFREN REYES','pública','Tecnológico','BAÑOS'),(111,'INSTITUTO SUPERIOR TECNOLÓGICO PELILEO','pública','Tecnológico','PELILEO'),(112,'INSTITUTO SUPERIOR TECNOLÓGICO PRIMERO DE MAYO','pública','Tecnológico','YANTZAZA'),(113,'UNIVERSIDAD CATOLICA DE CUENCA','privada','Universitario','CUENCA'),(114,'UNIVERSIDAD DEL AZUAY','privada','Universitario','CUENCA'),(115,'UNIVERSIDAD REGIONAL AUTÓNOMA DE LOS ANDES','privada','Universitario','AMBATO'),(116,'UNIVERSIDAD METROPOLITANA','privada','Universitario','GUAYAQUIL'),(117,'PONTIFICIA UNIVERSIDAD CATOLICA DEL ECUADOR','privada','Universitario','QUITO'),(118,'UNIVERSIDAD SAN FRANCISCO DE QUITO','privada','Universitario','QUITO'),(119,'UNIVERSIDAD CASA GRANDE','privada','Universitario','GUAYAQUIL'),(120,'UNIVERSIDAD CAT├ôLICA DE SANTIAGO DE GUAYAQUIL','privada','Universitario','GUAYAQUIL'),(121,'UNIVERSIDAD DEL PACÍFICO - ESCUELA DE NEGOCIOS','privada','Universitario','GUAYAQUIL'),(122,'UNIVERSIDAD INTERNACIONAL DEL ECUADOR','privada','Universitario','QUITO'),(123,'UNIVERSIDAD LAICA VICENTE ROCAFUERTE DE GUAYAQUIL','privada','Universitario','GUAYAQUIL'),(124,'UNIVERSIDAD PARTICULAR DE ESPECIALIDADES ESPÍRITU SANTO','privada','Universitario','GUAYAQUIL'),(125,'UNIVERSIDAD POLITÉCNICA SALESIANA','privada','Universitario','CUENCA'),(126,'UNIVERSIDAD TECNOLÓGICA  ECOTEC','privada','Universitario','GUAYAQUIL'),(127,'UNIVERSIDAD TECNOLÓGICA EMPRESARIAL DE GUAYAQUIL','privada','Universitario','GUAYAQUIL'),(128,'UNIVERSIDAD DE OTAVALO','privada','Universitario','OTAVALO'),(129,'UNIVERSIDAD TÉCNICA PARTICULAR DE LOJA','privada','Universitario','LOJA'),(130,'UNIVERSIDAD PARTICULAR SAN GREGORIO DE PORTOVIEJO','privada','Universitario','PORTOVIEJO'),(131,'UNIVERSIDAD DE ESPECIALIDADES TURÍSTICAS','privada','Universitario','QUITO'),(132,'UNIVERSIDAD DE LOS HEMISFERIOS','privada','Universitario','QUITO'),(133,'UNIVERSIDAD IBEROAMERICANA DEL ECUADOR','privada','Universitario','QUITO'),(134,'UNIVERSIDAD PARTICULAR INTERNACIONAL SEK','privada','Universitario','QUITO'),(135,'UNIVERSIDAD TECNOLÓGICA INDOAMÉRICANA','privada','Universitario','AMBATO'),(136,'UNIVERSIDAD TECNOLÓGICA EQUINOCCIAL','privada','Universitario','QUITO'),(137,'INSTITUTO SUPERIOR TECNOLÓGICO AMERICAN COLLEGE','privada','Tecnológico','CUENCA'),(138,'INSTITUTO SUPERIOR TECNOLÓGICO INTEGRACIÓN ANDINA','privada','Tecnológico','CUENCA'),(139,'INSTITUTO SUPERIOR TECNOLÓGICO KEVIN','privada','Tecnológico','CUENCA'),(140,'INSTITUTO SUPERIOR TECNOLÓGICO SAN ISIDRO','privada','Tecnológico','CUENCA'),(141,'INSTITUTO SUPERIOR TECNOLÓGICO SUDAMERICANO','privada','Tecnológico','CUENCA'),(142,'INSTITUTO SUPERIOR TECNOLÓGICO JATUN YACHAY WASI','privada','Tecnológico','COLTA'),(143,'INSTITUTO SUPERIOR TECNOLÓGICO JOSÉ ORTEGA Y GASSET','privada','Tecnológico','RIOBAMBA'),(144,'INSTITUTO SUPERIOR TECNOLÓGICO REPÚBLICA FEDERAL DE ALEMANIA','privada','Tecnológico','RIOBAMBA'),(145,'INSTITUTO SUPERIOR TECNOLÓGICO SAN GABRIEL','privada','Tecnológico','RIOBAMBA'),(146,'INSTITUTO SUPERIOR TECNOLÓGICO STANFORD','privada','Tecnológico','RIOBAMBA'),(147,'INSTITUTO SUPERIOR TÉCNICO MEDIFORM','privada','Tecnológico','GUAYAQUIL'),(148,'INSTITUTO SUPERIOR TÉCNICO REY DAVID','privada','Tecnológico','DAULE'),(149,'INSTITUTO SUPERIOR TECNOLÓGICO ALMIRANTE ILLINGWORTH','privada','Tecnológico','GUAYAQUIL'),(150,'INSTITUTO SUPERIOR TECNOLÓGICO BLUE HILL','privada','Tecnológico','GUAYAQUIL'),(151,'INSTITUTO SUPERIOR TECNOLÓGICO BOLIVARIANO DE TECNOLOGÍA','privada','Tecnológico','GUAYAQUIL'),(152,'INSTITUTO SUPERIOR TECNOLÓGICO DE FORMACIÓN PROFESIONAL ADMINISTRATIVA Y COMERCIAL','privada','Tecnológico','GUAYAQUIL'),(153,'INSTITUTO SUPERIOR TECNOLÓGICO DE FÚTBOL','privada','Tecnológico','GUAYAQUIL'),(154,'INSTITUTO SUPERIOR TECNOLÓGICO ESCUELA DE LOS CHEFS DE GUAYAQUIL','privada','Tecnológico','GUAYAQUIL'),(155,'INSTITUTO SUPERIOR TECNOLÓGICO ESPÍRITU SANTO','privada','Tecnológico','GUAYAQUIL'),(156,'INSTITUTO SUPERIOR TECNOLÓGICO DE ESTUDIOS DE TELEVISI├ôN ITV','privada','Tecnológico','GUAYAQUIL'),(157,'INSTITUTO SUPERIOR TECNOLÓGICO EUROAMERICANO','privada','Tecnológico','GUAYAQUIL'),(158,'INSTITUTO SUPERIOR TECNOLÓGICO EURODISEÑO DEL ECUADOR','privada','Tecnológico','GUAYAQUIL'),(159,'INSTITUTO SUPERIOR TECNOLÓGICO GRÁFICO DE ARTES Y CIENCIAS DIGITALES','privada','Tecnológico','GUAYAQUIL'),(160,'INSTITUTO SUPERIOR TECNOLÓGICO HUMANE','privada','Tecnológico','GUAYAQUIL'),(161,'INSTITUTO SUPERIOR TECNOLÓGICO LATINOAMERICANO DE EXPRESIONES ART├ìSTICAS','privada','Tecnológico','GUAYAQUIL'),(162,'INSTITUTO SUPERIOR TECNOLÓGICO LICEO CRISTIANO','privada','Tecnológico','GUAYAQUIL'),(163,'INSTITUTO SUPERIOR TECNOLÓGICO LIFE COLLEGE INTERNATIONAL','privada','Tecnológico','GUAYAQUIL'),(164,'INSTITUTO SUPERIOR TECNOLÓGICO SPEEDWRITING','privada','Tecnológico','GUAYAQUIL'),(165,'INSTITUTO SUPERIOR TECNOLÓGICO SUDAMERICANO','privada','Tecnológico','GUAYAQUIL'),(166,'INSTITUTO SUPERIOR TECNOLÓGICO URDESA','privada','Tecnológico','GUAYAQUIL'),(167,'INSTITUTO SUPERIOR TECNOLÓGICO IBARRA','privada','Tecnológico','IBARRA'),(168,'INSTITUTO SUPERIOR TECNOLÓGICO JOSÉ CHIRIBOGA GRIJALVA','privada','Tecnológico','IBARRA'),(169,'INSTITUTO SUPERIOR TECNOLÓGICO LICEO ADUANERO','privada','Tecnológico','IBARRA'),(170,'INSTITUTO SUPERIOR TECNOLÓGICO DANIEL ÁLVAREZ BURNEO','privada','Tecnológico','LOJA'),(171,'INSTITUTO SUPERIOR TECNOLÓGICO JUAN MONTALVO','privada','Tecnológico','LOJA'),(172,'INSTITUTO SUPERIOR TECNOLÓGICO LA CASTELLANA','privada','Tecnológico','LOJA'),(173,'INSTITUTO SUPERIOR TECNOLÓGICO LOS ANDES','privada','Tecnológico','LOJA'),(174,'INSTITUTO SUPERIOR TECNOLÓGICO MARIANO SAMANIEGO','privada','Tecnológico','CARIMANGA'),(175,'INSTITUTO SUPERIOR TECNOLÓGICO NUESTRA SEÑORA DEL ROSARIO','privada','Tecnológico','CATAMAYO'),(176,'INSTITUTO SUPERIOR TECNOLÓGICO SUDAMERICANO','privada','Tecnológico','LOJA'),(177,'INSTITUTO SUPERIOR TECNOLÓGICO PORTOVIEJO','privada','Tecnológico','PORTOVIEJO'),(178,'INSTITUTO SUPERIOR TECNOLÓGICO ORIENTE','privada','Tecnológico','LA JOYA DE LOS SACHAS'),(179,'CONSERVATORIO SUPERIOR DE MÚICA JAIME MOLA','privada','Tecnológico','QUITO'),(180,'INSTITUTO SUPERIOR TECNOLÓGICO BERNARDO O\'HIGGINS','privada','Tecnológico','QUITO'),(181,'INSTITUTO SUPERIOR TECNOLÓGICO CEMLAD','privada','Tecnológico','QUITO'),(182,'INSTITUTO SUPERIOR TECNOLÓGICO CENESTUR','privada','Tecnológico','QUITO'),(183,'INSTITUTO SUPERIOR TECNOLÓGICO COMPO SUR','privada','Tecnológico','QUITO'),(184,'INSTITUTO SUPERIOR TECNOLÓGICO CORDILLERA','privada','Tecnológico','QUITO'),(185,'INSTITUTO SUPERIOR TECNOLÓGICO CORPORATIVO EDWARDS DEMING','privada','Tecnológico','QUITO'),(186,'INSTITUTO SUPERIOR TECNOLÓGICO CRUZ ROJA ECUATORIANA','privada','Tecnológico','QUITO'),(187,'INSTITUTO SUPERIOR TECNOLÓGICO CUEST TV','privada','Tecnológico','QUITO'),(188,'INSTITUTO SUPERIOR TECNOLÓGICO DAVID P. AUSUBEL','privada','Tecnológico','QUITO'),(189,'INSTITUTO SUPERIOR TECNOLÓGICO DE ARTES VISUALES IAVQ','privada','Tecnológico','QUITO'),(190,'INSTITUTO SUPERIOR TECNOLÓGICO DE CINE Y ACTUACIÓN','privada','Tecnológico','QUITO'),(191,'INSTITUTO SUPERIOR TECNOLÓGICO DE DESARROLLO HUMANO CRE-SER','privada','Tecnológico','QUITO'),(192,'INSTITUTO SUPERIOR TECNOLÓGICO DE FÚTBOL DE QUITO','privada','Tecnológico','QUITO'),(193,'INSTITUTO SUPERIOR TECNOLÓGICO DE MERCADOTECNIA','privada','Tecnológico','QUITO'),(194,'INSTITUTO SUPERIOR TECNOLÓGICO DE RADIO Y TELEVISIÓN','privada','Tecnológico','QUITO'),(195,'INSTITUTO SUPERIOR TECNOLÓGICO DE TECNOLOGÍAS APROPIADAS','privada','Tecnológico','QUITO'),(196,'INSTITUTO SUPERIOR TECNOLÓGICO DEL TRANSPORTE','privada','Tecnológico','QUITO'),(197,'INSTITUTO SUPERIOR TECNOLÓGICO DISMOD','privada','Tecnológico','QUITO'),(198,'INSTITUTO SUPERIOR TECNOLÓGICO ECUATORIANO DE PRODUCTIVIDAD','privada','Tecnológico','QUITO'),(199,'INSTITUTO SUPERIOR TECNOLÓGICO EL PACÍFICO','privada','Tecnológico','QUITO'),(200,'INSTITUTO SUPERIOR TECNOLÓGICO ESCULAPIO','privada','Tecnológico','QUITO'),(201,'INSTITUTO SUPERIOR TECNOLÓGICO ESTÉTICA INTEGRAL','privada','Tecnológico','QUITO'),(202,'INSTITUTO SUPERIOR TECNOLÓGICO HONORABLE CONSEJO PROVINCIAL DE PICHINCHA','privada','Tecnológico','QUITO'),(203,'INSTITUTO SUPERIOR TECNOLÓGICO INTERNACIONAL ITI','privada','Tecnológico','QUITO'),(204,'INSTITUTO SUPERIOR TECNOLÓGICO ISMAC','privada','Tecnológico','QUITO'),(205,'INSTITUTO SUPERIOR TECNOLÓGICO JAPÓN','privada','Tecnológico','QUITO'),(206,'INSTITUTO SUPERIOR TECNOLÓGICO LENDAN','privada','Tecnológico','QUITO'),(207,'INSTITUTO SUPERIOR TECNOLÓGICO LIBERTAD','privada','Tecnológico','QUITO'),(208,'INSTITUTO SUPERIOR TECNOLÓGICO MAYOR PEDRO TRAVERSARI','privada','Tecnológico','QUITO'),(209,'INSTITUTO SUPERIOR TECNOLÓGICO METROPOLITANO DE DISEÑO','privada','Tecnológico','QUITO'),(210,'INSTITUTO SUPERIOR TECNOLÓGICO PARA EL DESARROLLO','privada','Tecnológico','QUITO'),(211,'INSTITUTO SUPERIOR TECNOLÓGICO PROYECTO 2000','privada','Tecnológico','QUITO'),(212,'INSTITUTO SUPERIOR TECNOLÓGICO QUITO','privada','Tecnológico','QUITO'),(213,'INSTITUTO SUPERIOR TECNOLÓGICO QUITO METROPOLITANO','privada','Tecnológico','QUITO'),(214,'INSTITUTO SUPERIOR TECNOLÓGICO RUMIÑAHUI','privada','Tecnológico','SANGOLQU├ì'),(215,'INSTITUTO SUPERIOR TECNOLÓGICO SUDAMERICANO','privada','Tecnológico','QUITO'),(216,'INSTITUTO SUPERIOR TECNOLÓGICO TECNOECUATORIANO','privada','Tecnológico','QUITO'),(217,'INSTITUTO SUPERIOR TECNOLÓGICO UNIVERSITEC','privada','Tecnológico','QUITO'),(218,'INSTITUTO SUPERIOR TECNOLÓGICO VIDA NUEVA','privada','Tecnológico','QUITO'),(219,'INSTITUTO SUPERIOR TECNOLÓGICO ADVENTISTA DEL ECUADOR','privada','Tecnológico','LUZ DE AMERICA, SANTO DOMINGO'),(220,'INSTITUTO SUPERIOR TECNOLÓGICO ATLANTIC','privada','Tecnológico','SANTO DOMINGO'),(221,'INSTITUTO SUPERIOR TECNOLÓGICO LOS ANDES','privada','Tecnológico','SANTO DOMINGO'),(222,'INSTITUTO SUPERIOR TECNOLÓGICO CRECERMAS','privada','Tecnológico','SANTA CECILIA,LAGO AGRIO'),(223,'INSTITUTO SUPERIOR TECNOLÓGICO CULINARIO EL C├ôNDOR','privada','Tecnológico','AMBATO'),(224,'INSTITUTO SUPERIOR TECNOLÓGICO EDUPRAXIS','privada','Tecnológico','AMBATO'),(225,'INSTITUTO SUPERIOR TECNOLÓGICO ESPAÑA','privada','Tecnológico','AMBATO'),(226,'INSTITUTO SUPERIOR TECNOLÓGICO MANUEL LEZAETA ACHAR├üN','privada','Tecnológico','AMBATO'),(227,'INSTITUTO TECNOLÓGICO CINCO DE JUNIO','pública','Tecnológico','QUITO'),(228,'INSTITUTO SUPERIOR TECNOLÓGICO LUIS A. MARTINEZ (AGRONMICO)','pública','Tecnológico','AMBATO'),(229,'UNIVERSIDAD DE LAS AMÉRICAS','privada','Universitario','QUITO'),(230,'UNIVERSIDAD TECNOLÓGICA DE ISRAEL','privada','Universitario','QUITO');
/*!40000 ALTER TABLE `educationalinstitutions` ENABLE KEYS */;
UNLOCK TABLES;

--
-- Table structure for table `faculties`
--

DROP TABLE IF EXISTS `faculties`;
/*!40101 SET @saved_cs_client     = @@character_set_client */;
/*!50503 SET character_set_client = utf8mb4 */;
CREATE TABLE `faculties` (
  `facultyId` int NOT NULL AUTO_INCREMENT,
  `facultyName` varchar(100) NOT NULL,
  `province` varchar(30) NOT NULL,
  `city` varchar(60) NOT NULL,
  `adress` varchar(200) NOT NULL,
  `educationalInstitutionId` int DEFAULT NULL,
  PRIMARY KEY (`facultyId`)
) ENGINE=InnoDB AUTO_INCREMENT=465 DEFAULT CHARSET=utf8mb4 COLLATE=utf8mb4_0900_ai_ci;
/*!40101 SET character_set_client = @saved_cs_client */;

--
-- Dumping data for table `faculties`
--

LOCK TABLES `faculties` WRITE;
/*!40000 ALTER TABLE `faculties` DISABLE KEYS */;
INSERT INTO `faculties` VALUES (1,'CAMPUS CENTRAL','Azuay','Cuenca','Avenida 12 de Abril y Agustín Cueva',2),(2,'ECO-CAMPUS','Azuay','Cuenca','Avenida Victor Albornoz y Calle de los Cerezos',2),(3,'CAMPUS CENTRO HISTÓRICO','Azuay','Cuenca','Calle Tarqui N13-46 entre Vega Muñoz y Pío Bravo',2),(4,'CAMPUS PARAÍSO','Azuay','Cuenca','Avenida 12 de Abril y El Paraíso N3-52 junto al Hospital Vicente Corral Moscoso',2),(5,'CAMPUS YANUNCAY','Azuay','Cuenca','Avenida 12 de Octubre y Diego de Tapia',2),(6,'CAMPUS UNIVERSITARIO MATRIZ','Bolivar','Guaranda','Sector Alpachaca, Avenida Ernesto Che Guevara & Avenida Gabriel Secaira Kilometro 3.5 Vía Ambato',3),(7,'FACULTAD DE CIENCIAS AGROPECUARIAS','Bolivar','Guaranda','Granja Experimental Laguacoto II, Kilometro 1.5 vía San Simón',3),(8,'EXTENSIÓN UNIVERSITARIA SAN MIGUEL','Bolivar','San Miguel','',3),(9,'CAMPUS PRINCIPAL','Cañar','Azogues','Sector Chuquipata, Avenida Independencia S/N',4),(10,'CAMPUS MATRIZ','Carchi','Tulcán','Avenida Universitaria y Calle Antisana',5),(11,'CAMPUS MATRIZ','Chimborazo','Riobamba','Panamericana Sur Kimlometro 1 1/2',6),(12,'SEDE MORONA SANTIAGO','Morona Santiago','Macas','Don Bosco y José Félix Pintado,Detrás del Estadio Tito Navarrete Alava',6),(13,'SEDE ORELLANA','Orellana','Puerto Francisco de Orellana/ Coca','Barrio Paraíso Amazónico, Calles Fray Gaspar de Carvajal entre Quito y Napo',6),(14,'CAMPUS LA DOLOROSA','Chimborazo','Riobamba','Avenida 10 de Agosto & Eloy ALfaro',7),(15,'CAMPUS NORTE','Chimborazo','Riobamba','Avenida Antonio José de Sucre, Kilometro 1.5, vía Guano',7),(16,'CAMPUS CENTRO','Chimborazo','Riobamba','Calle Princesa Toa 17-15',7),(17,'CAMPUS MATRIZ SANGOLQUÍ','Pichincha','Sangolquí','Avenida General Rumiñahui S/N y Ambato',8),(18,'CAMPUS LATACUNGA CENTRO','Cotopaxi','Latacunga','Calle Quijano y Ordónez y Hermanas Páez',8),(19,'CAMPUS LATACUNGA BELISARIO QUEVEDO','Cotopaxi','Latacunga','Parroquia Belisario Quevedo, Barrio El Forastero',8),(20,'CAMPUS SANTO DOMINGO','Santo Domingo de los Tsachilas','Santo Domingo','Hacienda Zoila Luz, Vía Santo Domingo - Quevedo Kilometro 24',8),(21,'CAMPUS MATRIZ','Cotopaxi','Latacunga','Sector San Felipe,Barrio El Ejido, Avenida Simón Rodríguez S/N',9),(22,'CAMPUS SALACHE','Cotopaxi','Latacunga','Barrio Salache',9),(23,'CAMPUS EXTENSIÓN LA MANÁ','Cotopaxi','La Maná','Avenida Almendros y Pujilí',9),(24,'CAMPUS EXTENSIóN PUJILÍ','Cotopaxi','Pujilí','Pasaje Carlos Alberto Toro Lema y Jose Merizalde',9),(25,'CAMPUS 1','El oro','Machala','Avenida 10 de agosto y Marcel Laniado',10),(26,'CAMPUS 2','El oro','Machala','Vía La Primavera',10),(27,'CAMPUS 3','El oro','El cambio','Avenida Ferroviaria y Calle A',10),(28,'CAMPUS NUEVOS HORIZONTES','Esmeraldas','Esmeraldas','Ciudadela Universitaria de Nuevos Horizontes 080150',11),(29,'CAMPUS MÚTILE','Esmeraldas','Esmeraldas','Parroquia San Mateo, en el recinto Mútile',11),(30,'CAMPUS UNIVERSITARIO LUIS OLMEDO MUÑOZ','Santo Domingo de los Tsáchilas','La Concordia','el Kilometro 1.5 vía Monterrey- La Villegas',11),(31,'CAMPUS GUSTAVO GALINDO VELASCO','Guayas','Guayaquil','Kilometro 30.5 Via Perimetral',12),(32,'CAMPUS LAS PEÑAS','Guayas','Guayaquil','Avenida Malecón Simón Bolivar & Loja',12),(33,'CAMPUS QUITO','Guayas','Guayaquil','Avenida 6 de Diciembre N3355 y Eloy Alfaro, Edificio Torre Blanca, segundo piso',12),(34,'CENTRO NACIONAL DE ACUICULTURA E INVESTIGACIONES MARINAS (CENAIM)','Santa Elena','Santa Elena','Ruta del Spondylus',12),(35,'CAMPUS GUAYAQUIL','Guayas','Guayaquil','Avenida 25 de Julio y Pio Jaramillo ',13),(36,'CAMPUS MILAGRO','Guayas','Milagro','Avenida Jacobo Bucaram y Emilio Mogner',13),(37,'CAMPUS EL TRIUNFO','Guayas','El triunfo','Sector Rio Verde, Calle Carlos Zevallos',13),(38,'CAMPUS NARANJAL','Guayas','Naranjal','Kilometro 1.5 Vía a las delicias',13),(39,'CAMPUS MATRIZ','Guayas','Guayaquil','Ciudadela Universitaria, Avenida Delta y Kennedy',14),(40,'CAMPUS CENTRO','Guayas','Guayaquil','Gobernación del Guayas, Avenida Malecón Simón Bolívar y Aguirre',15),(41,'CAMPUS SUR','Guayas','Guayaquil','Avenida Quito entre Venezuela y El Oro',15),(42,'CAMPUS CENTRO','Guayas','Milagro','Ciudadela Universitaria, Kilometro 1.5 vía Virgen de Fatima kilometro 26',16),(43,'CAMPUS UNIVERSITARIO OLIVO','Imbabura','Ibarra','Avenida 17 de julio N5-21 y General José María Córdova',17),(44,'CAMPUS UNIVERSITARIO','Imbabura','San Miguel de Urcuquí','Hacienda San José S/N',18),(45,'CAMPUS UNL','Loja','Loja','Ciudad Universitaria  Guillermo Falconí,Avenida Pio Jaramillo Alvarado y Reinaldo Espinosa',19),(46,'CAMPUS MATRIZ','Los Rios','Babahoyo','Avenida Universitaria Kilometro 21.5 y Avenida Montalvo Montalvo ',20),(47,'CAMPUS EL ANGEL','Carchi','El Angel',' ',20),(48,'CAMPUS QUEVEDO','Los Rios','Quevedo',' ',20),(49,'CAMPUS INGENIERO MANUEL AGUSTÍN HAZ ÁLVAREZ','Los Rios','Quevedo','Avenida Quito kilometro 1.5 vía a Santo Domingo de los Tsáchilas',21),(50,'CAMPUS MATRIZ','Manabí','Calceta','Avenida 10 de Agosto #82 y Granda Centeno',22),(51,'CAMPUS LOS ÁNGELES','Manabí','Jipijapa','Kilometro 1.5 Vía Jipijapa-Noboa',23),(52,'CAMPUS MATRIZ','Manabí','Manta','Avenida Circunvalación - Vía a San Mateo ',24),(53,'EXTENSIÓN CHONE','Manabí','Chone','Avenida Marcos Aray Dueñas',24),(54,'EXTENSIÓN BAHÍA DE CARÁQUEZ','Manabí','Bahía de Caráquez','Troncal del pacífico entre calles Doctor Antonio Oramas Pozo y Eloy Alfaro',24),(55,'EXTENSIÓN EL CARMEN','Manabí','El Carmen','Avenida 3 de Julio y Carlos Aray',24),(56,'EXTENSIÓN PEDERNALES','Manabí','Pedernales','Vía Pedernales - El Carmen y Calle B',24),(57,'CAMPUS MATRIZ','Manabí','Portoviejo','Avenida José María Urbina y Che Guevara',25),(58,'CAMPUS MATRIZ','Napo','Tena','Parroquia Muyuna, kilómetro 7 vía a Alto Tena',26),(59,'CAMPUS MATRIZ','Pastaza','Puyo','Kilometro 2.5 vía Puyo a Tena (Paso Lateral)',27),(60,'CAMPUS LAGO AGRIO','Sucumbios','Lago Agrio','Vía Aguarico - Nueva Loja',27),(61,'CAMPUS EL PANGUI','Zamora Chinchipe','El Pangui','Calle Luis Imaicela entre Mayor Rene Ulloa y Azuay',27),(62,'CAMPUS MATRIZ','Pichincha','Quito','Avenida Ladrón de Guevara y Andalucía E11-253',28),(63,'CAMPUS MATRIZ','Pichincha','Quito','Ciudadela Universitaria, Avenida América',1),(64,'CAMPUS MATRIZ','Santa Elena','La Libertad','Vía principal La Libertad - Santa Elena',29),(65,'CAMPUS HUACHI','Tungurahua','Ambato','Avenida Los Chasquis y Río Payamino',30),(66,'CAMPUS INGAHURCO','Tungurahua','Ambato','Avenida Colombia y Chile',30),(67,'CAMPUS EDUCACIÓN CONTINUA','Tungurahua','Ambato','Calle Rocafuerte S/N y Quito',30),(68,'CAMPUS MATRIZ','Azuay','Cuenca','Avenida Muñoz Vernaza 5-100 y Padre Aguirre Cuenca',31),(69,'CAMPUS MATRIZ','Azuay','Cuenca','Avenida Octavio Chacón Moscoso 1-98 y Primera Transversal (Parque industrial) ',32),(70,'CAMPUS MATRIZ','Bolivar','Guaranda','Jonshon City y Calle Sucre',33),(71,'CAMPUS ','Bolivar','Guaranda','',34),(72,'CAMPUS ','Bolivar','San Pablo de Atenas','',35),(73,'CAMPUS ','Bolivar','Simiatug','Vía Simiatug',36),(74,'CAMPUS MATRIZ','Bolivar','San José de Chimbo','Vía a la Magdalena kilómetro 1.5',37),(75,'CAMPUS MATRIZ','Cañar','Cañar','Comuna Quilloac via Cañar, Jirincay',38),(76,'CAMPUS MATRIZ','Cañar','Azogues','Avenida 24 de Mayo y Honorato Vasquez',39),(77,'CAMPUS MATRIZ','Cañar','La Troncal','Calle 4 de Noviembre y Loja 030302',40),(78,'CAMPUS MATRIZ','Cañar','Biblián','Avenida Alberto Ochoa y  Benigno Iglesias',41),(79,'CAMPUS MATRIZ','Cañar','Azogues','Avenida Andrès F. Cordova y Calle Vicente Cabrera',42),(80,'CAMPUS MATRIZ','Cañar','Azogues','Avenida General Enriquez y Luis Cordero Crespo',43),(81,'CAMPUS MATRIZ','Carchi','El ángel','Vía El ángel - Bolívar Kilómetro 3.2',44),(82,'CAMPUS MATRIZ','Carchi','Tulcán','Av. Andrés Bellos y Av. Vía Oriental (Panamericana)',45),(83,'CAMPUS MATRIZ','Carchi','Tulcán','Av. Andrés Bellos y Av. Vía Oriental (Panamericana)',46),(84,'CAMPUS MATRIZ','Chimborazo','Colta','Valle de Colta Monjas, siguiendo la Panamericana hasta la Iglesia de Balbanera,en la carretera que va en dirección a Guamote - Cuenca',47),(85,'CAMPUS MATRIZ','Chimborazo','Riobamba','La Paz 07-56 Y México',48),(86,'CAMPUS MATRIZ','Chimborazo','Riobamba','Cesar Leon Hidalgo y Agustin Davalos',49),(87,'CAMPUS MATRIZ','Chimborazo','Riobamba','Avenida Alfonso Villagomez y Juan de Velasco',50),(88,'CAMPUS MATRIZ','Chimborazo','Riobamba','Avenida Chimborazo y Cuba',51),(89,'CAMPUS MATRIZ','Chimborazo','Alausí','Calle Cubillón y Avenida Los lausies',52),(90,'CAMPUS MATRIZ','Chimborazo','Riobamba','Avenida Lizarzaburu S/N y Avenida La Prensa',53),(91,'CAMPUS MATRIZ','Cotopaxi','Latacunga','Parroquia Tanicuchi, Kilómetro 12 vía Latacunga - Quito',54),(92,'CAMPUS MATRIZ','Cotopaxi','La Maná','Avenida Amazonas entre calles Miguel Iturralde y Héroes del Cenepa',55),(93,'CAMPUS MATRIZ','Cotopaxi','Latacunga','Calles Belisario Quevedo 5-01 y General Maldonado',56),(94,'CAMPUS MATRIZ','Cotopaxi','Latacunga','Avenida Amazonas y Clemente Yerovi ',57),(95,'CAMPUS MATRIZ','El Oro','Machala','Antigua Vía El Limón y Avenida Circunvalación Nte',58),(96,'CAMPUS MATRIZ','El Oro','Huaquillas','Calle Los Ríos entre Avenida La República y calle Esmeraldas',59),(97,'CAMPUS PRINCIPAL','El Oro','Machala','Calle Manuel Serrano entre Avenida de Las Palmeras y Vela, Ciudadela Martha Bucarám, calles 10ma A y 10ma B Sur',60),(98,'CAMPUS MATRIZ','El Oro','Pasaje','San Martín entre Avenida Quito y 9 de Mayo',61),(99,'CAMPUS MATRIZ','El Oro','Pasaje','San Martín entre Avenida Quito y 9 de Mayo',62),(100,'CAMPUS MATRIZ','Esmeraldas','Esmeraldas','Proipicia 1, frente a la cancha forestal',63),(101,'CAMPUS MATRIZ','Esmeraldas','Esmeraldas','Calle Luis Vargas Torres entre Avenida Colón y Olmedo',64),(102,'CAMPUS MATRIZ','Esmeraldas','Esmeraldas','La propicia 1 en la Unidad Educativa Walter Quiñonez Sevilla por el forestal',65),(103,'CAMPUS MATRIZ','Esmeraldas','Quininde','Kilómetro 1, Vía Santo Domingo',66),(104,'CAMPUS MATRIZ','Guayas','Guayaquil','Avenida Quito y calle El Oro',67),(105,'CAMPUS MATRIZ','Guayas','Guayaquil','Centro Cívico, Avenida Quito y Bolivia',68),(106,'COLEGIO GUAYAQUIL','Guayas','Guayaquil','Calle Carlos Gómez Rendon entre Avenida Machala 593 y Quito',69),(107,'EDIFICIO CMI','Guayas','Guayaquil','Avenida Quito y Padre Solano',69),(108,'COLEGIO PINO YCAZA','Guayas','Guayaquil','Ciudadela La Atarazana',69),(109,'CAMPUS MATRIZ','Guayas','Daule','Kilómetro 48 vía a Santa Lucía, diagonal a gasolinera Primax',70),(110,'CAMPUS MATRIZ','Guayas','Guayaquil','Avenida de las Americas S/N entre Ernesto Noboa y Caamaño, diagonal al Hospital de la Policia Nacional',71),(111,'CAMPUS CENTRO','Guayas','Guayaquil',' Avenida Quito y Padre Solano',72),(112,'CAMPUS VICENTE ROCAFUERTE','Guayas','Guayaquil','Avenida Lizardo García y calles Medardo Angel Silva y Capitan Najera',72),(113,'SEDE YACHAY','Imbabura','Urcuquí','Vía Hacienda San José Polígono Yachay, ciudad del Conocimiento',73),(114,'SEDE IBARRA','Imbabura','Ibarra','SECAP, Dario Egas Almedia con Genaro Jaramillo',73),(115,'CAMPUS MATRIZ','Imbabura','Cotacachi','Vía Cotacachi - Quiroga - Cuicocha, en la Calle Waminka Rumiñahui s/n, Sector San Teodoro',74),(116,'CAMPUS MATRIZ','Imbabura','Ibarra','Luis Enriquez Cevallos y Simón Bolívar esquina',75),(117,'CAMPUS MATRIZ','Imbabura','Cotacachi','Prolongación de la calle Wuaminka Rumiñahui, sector San Teodoro',76),(118,'CAMPUS MATRIZ','Imbabura','Otavalo','Sucre y Neptali Ordoñes',77),(119,'CAMPUS MATRIZ','Loja','Cariamanga','Ciudadela Luis Alfonso Crespo Chiriboga',78),(120,'MATRIZ LOJA','Loja','Loja','Calle Granada sector Turunuma frente a Cafrilosa.',79),(121,'OFICINA CENTRO - LOJA','Loja','Loja','Avenida Orillas del Zamora y 10 de agosto.',79),(122,'EXTENSIÓN VILCABAMBA','Loja','Vilcabamba','Vía a Yamburara bajo junto al Zoológico Municipal.',79),(123,'CAMPUS MATRIZ','Los Rios','Babahoyo','Avenida Universitaria y Quinta Transversal',80),(124,'CAMPUS MATRIZ','Los Rios','Montalvo','Al norte del cantón Montalvo Kilómetro 4/12 Vía Montalvo - Balsapamba',81),(125,'CAMPUS MATRIZ','Los Rios','Babahoyo','Vía Guaranda - Babahoyo',82),(126,'CAMPUS MATRIZ','Los Rios','Quevedo','Calle K entre Sexta y Séptima',83),(127,'CAMPUS MATRIZ','Los Rios','Quevedo','Calle K entre Sexta y Séptima',84),(128,'CAMPUS MATRIZ','Manabí','Manta','Vía Manta-Montecristi, junto al nuevo hospital del IESS, esquina.',85),(129,'EXTENSIóN JARAMIJÓ','Manabí','Jaramijó','Frente a la playa Balsamaragua',85),(130,'CAMPUS MATRIZ','Manabí','Portoviejo','Vía Portoviejo - Manta, Ciudadela San Jorge, diagonal al cementerio Jardines de Manabi 593',86),(131,'CAMPUS MATRIZ','Morona Santiago','General Leonidas Plaza Gutiérrez','Avenida 12 de Diciembre 140605',87),(132,'CAMPUS MATRIZ','Morona Santiago','Sucúa','Efrón Zúñiga y Luis Sangurima',88),(133,'CAMPUS MATRIZ','Napo','Tena','Kilómetro 1.5 vía Tena - Archidona.',89),(134,'CAMPUS MATRIZ','Pastaza','Canelos','',90),(135,'CAMPUS MATRIZ','Pastaza','Santa Clara','',90),(136,'CAMPUS MATRIZ','Pastaza','Puyo','Barrio el Dorado, calle Sucumbíos y avenida Los Pindos',91),(137,'CAMPUS MATRIZ','Pichincha','Quito','Cochapata y José de Abascal 170504',92),(138,'CAMPUS MATRIZ','Pichincha','Quito','Teniente Hugo Ortiz, Aushyris s/n y Jacinto Collaguazo',93),(139,'CAMPUS MATRIZ','Pichincha','Quito','Avenida Isaac Albéniz E4-15 y El Morlán, Sector el Inca',94),(140,'CAMPUS MATRIZ','Pichincha','Quito','Antonio Rodriguez y Pillopanta Moraspungo, El calzado',227),(141,'CAMPUS MATRIZ','Pichincha','Quito','Avenida Ajaví Oe4-154 y Cardenal de la Torre',95),(142,'CAMPUS MATRIZ','Pichincha','Quito','García Moreno S4-35 y Ambato',96),(143,'CAMPUS MATRIZ','Pichincha','Quito','García Moreno S4-35 y Ambato',97),(144,'CAMPUS MATRIZ','Pichincha','Quito','José Arizaga entre calles Jorge Drom y Conor',98),(145,'CAMPUS MATRIZ','Pichincha','Cayambe','Avenida Luis Cordero s/n Via a Ayora 171002',99),(146,'CAMPUS SUR','Pichincha','Quito','Avenida Teodoro Gómez de la Torre S14-72 y Joaquin G',100),(147,'CAMPUS NORTE','Pichincha','Quito','Avenida 10 de Agosto N26-27 y Luis Mosquera Narváez',100),(148,'CAMPUS IDIOMAS','Pichincha','Quito','Avenida Ajavi 403 y Benancio Estandoque - Oe4',100),(149,'SEDE SECAP','Santo Domingo de los Tsáchilas','Santo Domingo','Urb. María de Lourdes, Avenida Los Anturios y calle Kasama',101),(150,'CAMPUS MATRIZ','Santo Domingo de los Tsáchilas','Santo Domingo','Avenida Galo Luzuriaga y Calle B 230109',101),(151,'CAMPUS MATRIZ','Santo Domingo de los Tsáchilas','Santo Domingo','Avenida Los Anturios y Calle B',102),(152,'CAMPUS MATRIZ','Sucumbios','Lago Agrio / Nueva Loja','',103),(153,'EXTENSIÓN LIMONCOCHA','Sucumbios','Limoncocha','Parroquia Limoncocha 0593 Shushufindi',103),(154,'CAMPUS MATRIZ','Tungurahua','Bañs de Agua Santa','Avenida El Salado y avenida amazonas',104),(155,'CAMPUS MATRIZ','Tungurahua','Patate','Avenida Manuel Zapater y Eloy Alfaro',105),(156,'CAMPUS MATRIZ','Tungurahua','Ambato','Avenida Sucre 0438 entre calles Joaquin Lalama y Martínez',106),(157,'CAMPUS MATRIZ','Tungurahua','Ambato','Avenida Bolivariana S/N y Morales, entrada a Picaihua',107),(158,'CAMPUS MATRIZ','Tungurahua','Ambato','Avenida Cevallos y calle Quito 05-08',108),(159,'CAMPUS MATRIZ','Tungurahua','Ambato','Avenida Rumiñahui 04-179 y Pichincha 180102',228),(160,'CAMPUS MATRIZ','Tungurahua','Ambato','Avenida Bolivariana y El Cóndor',109),(161,'CAMPUS MATRIZ','Tungurahua','Baños de Agua Santa','Avenida 12 de noviembre y Ambato',110),(162,'CAMPUS MATRIZ','Tungurahua','San Pedro de Pelileo','Avenida Jaime Roldós y Euclides Barrera, Vía a Pamatug - Pelileo',111),(163,'CAMPUS MATRIZ','Zamora Chinchipe','Yantzaza','',112),(164,'CAMPUS LAS AMÉRICAS','Azuay','Cuenca','Parroquia Bellavista, Avenida de las Américas y Humboldt',113),(165,'CAMPUS GENERAL TORRES','Azuay','Cuenca','Parroquia Bellavista, Calle General Torres y Av. de las Américas (Esquina)',113),(166,'CAMPUS HUMBOLDT','Azuay','Cuenca','Parroquia Bellavista, Humboldt y Avenida de las Américas (Esquina).',113),(167,'CAMPUS MANUEL VEGA','Azuay','Cuenca','Parroquia El Vecino, Calles Manuel Vega y Pío Bravo',113),(168,'CAMPUS SIMÓN BOLÍVAR','Azuay','Cuenca','Parroquia San Blas, calles Simón Bolívar y Tomás Ordoñez.',113),(169,'CAMPUS VARGAS MACHUCA','Azuay','Cuenca','Parroquia San Blas, Calles: Vargas Machuca entre Juan Jaramillo y Presidente Córdova.',113),(170,'CAMPUS PRESIDENTE BORRERO','Azuay','Cuenca','Parroquia Bellavista, Calles Presidente Borrero y Pio Bravo.',113),(171,'SEDE AZOGUES','Cañar','Azogues','Avenida 16 de Abril y Ernesto Che Guevara',113),(172,'EXTENSIÓN CAÑAR','Cañar','Cañar','V├¡a Chaglaban y La Pasto.',113),(173,'EXTENSIÓN LA TRONCAL','Cañar','La Troncal','Avenida 25 de Agosto',113),(174,'SEDE MACAS','Morona Santiago','Macas','Avenida Capitán José Villanueva y María Troncati.',113),(175,'CAMPUS CENTRAL','Azuay','Cuenca','Avenida 24 de Mayo 7-77 y Hernán Malo',114),(176,'FACULTAD DE MEDICINA','Azuay','Cuenca','Avenida 24 de Mayo y Avenida de las Americas',114),(177,'CAMPUS LA TRABANA','Azuay','Quingeo','Vía a Quingeo',114),(178,'SEDE MATRIZ CUENCA / CAMPUS EL VECINO','Azuay','Cuenca','Calle Vieja 12-30 y Elia Liut, a dos cuadras del Aeropuerto Mariscal Lamar y a tres cuadras del Terminal Terrestre.',125),(179,'CAMPUS EL GIRÓN','Pichincha','Quito','Av. Isabel La Católica N23-52 y Madrid',125),(180,'CAMPUS SUR','Pichincha','Quito','Avenida Rumichaca y Morán Valverde S/N',125),(181,'CAMPUS KENNEDY / Colegio Técnico Don Bosco','Pichincha','Quito','Avenida José Rafael Bustamante S/N',125),(182,'CAMPUS CENTENARIO','Guayas','Guayaquil','General Francisco Robles 107 y Chambers',125),(183,'CAMPUS MARÍA AUXILIADORA','Guayas','Guayaquil','Kilómetro 19 Vía a la costa',125),(184,'CAMPUS MATRIZ','Tungurahua','Ambato','Vía a Baños kilómetro 5 1/2',115),(185,'EXTENSIÓN BABAHOYO','Los Rios','Babahoyo','',115),(186,'EXTENSIÓN IBARRA','Imbabura','Ibarra','Juan de Salinas entre calles Juan José Flores y Miguel Oviedo',115),(187,'EXTENSIÓN PUYO','Pastaza','Puyo','Calle Teniente Hugo Ortíz entre Avenida Francisco Orellana y calle Atahualpa',115),(188,'EXTENSIÓN QUEVEDO','Los Rios','Quevedo','',115),(189,'EXTENSIÓN RIOBAMBA','Chimborazo','Riobamba','Avenda Lizarzaburo y Joaquin Pinto',115),(190,'EXTENSIÓN SANTO DOMINGO','Santo Domingo de los Tsáchilas','Santo Domingo','',115),(191,'EXTENSIÓN TULCÁN','Carchi','Tulcán','',115),(192,'FACULTAD FCSHE','Guayas','Guayaquil','Avenida Francisco Boloña y Primer callejón No. 519',116),(193,'FACULTAD FCEE','Guayas','Guayaquil','Ciudadela La Garzota 1era etapa, Manzana 23',116),(194,'FACULTADES FING, FSCF','Pichincha','Quito','La Coruña N26-95 y San Ignacio',116),(195,'CAMPUS 6 DE DICIEMBRE','Pichincha','Quito','Avenida 6 de Diciembre y General. Robles (esquina)',116),(196,'CAMPUS LOS CHILLOS','Pichincha','Quito','Avenida Ilaló y Río Pastaza',116),(197,'CAMPUS JUNÍN','El Oro','Machala','Calle Bolvar 609 entre Junín y Tarqui ',116),(198,'CAMPUS PAJONAL','El Oro','Machala','Vía al Pajonal, Avenida Luis León Román',116),(199,'SEDE MATRIZ','Pichincha','Quito','Avenida 12 de Octubre 1076 y Roca',117),(200,'SEDE AMBATO','Tungurahua','Ambato','Avenida Manuelita Sáenz S/N ,Sector El Tropezón',117),(201,'SEDE ESMERALDAS','Esmeraldas','Esmeraldas','Calle Espejo y Santa Cruz S/N',117),(202,'SEDE IBARRA','Imbabura','Ibarra','Avenida Aurelio Espinosa Pólit, Ciudadela La Victoria',117),(203,'SEDE STO DOMINGO DE LOS TSÁCHILAS','Santo Domingo de los Tsáchilas','Santo Domingo','Vía Chone Kilómetro 2 y San Cristóbal,',117),(204,'SEDE MANABÍ','Manabí','Portoviejo','Ciudadela Primero de Mayo, Calle Eudoro Loor s/n y 25 de Diciembre',117),(205,'SEDE MANABÍ','Manabí','Chone','Vía a Quito Kilómetro 11.5',117),(206,'SEDE MANABÍ','Manabí','Bahía de Caráquez','Vía a Chone Kilómetro 8',117),(207,'CAMPUS CUMBAYÁ','Pichincha','Quito','Avenida Diego de Robles y Vía Interoceánica',118),(208,'CAMPUS GALÁPAGOS','Galápagos','Puerto Baquerizo Moreno','Avenida Alsacio Northia, frente a Playa Mann',118),(209,'CAMPUS MATRIZ','Guayas','Guayaquil','Ciudadela Miraflores, Avenida Las Palmas #304 y Calle 4ta.',119),(210,'CAMPUS MATRIZ','Guayas','Guayaquil','Avenida Carlos Julio Arosemena Kilómetro 1.5',120),(211,'CAMPUS MATRIZ','Guayas','Guayaquil','Kilómetro 7.2, Vía a la Costa Manzana 520 SL.1',121),(212,'CAMPUS QUITO','Pichincha','Quito','El Pinar Alto, calle B N48-177',121),(213,'CAMPUS MATRIZ','Pichincha','Quito','Avenida Simón Bolívar y Avenida Jorge Fernández',122),(214,'CAMPUS MODALIDAD DISTANCIA','Pichincha','Quito','Sector El Dorado, Pasaje Solano E4-270 y Avenida Gran Colombia',122),(215,'CAMPUS GUAYAQUIL','Guayas','Guayaquil','Avenida Juan Tanca Marengo Kilómetro 2.5 y Las Aguas',122),(216,'CAMPUS LOJA','Loja','Loja','Avenida Manuel Agustín Aguirre 1275 y Maximiliano Rodríguez (esquina)',122),(217,'CAMPUS MATRIZ','Guayas','Guayaquil','Avenida de las Américas s/n frente al Cuartel Modelo AP 11-33',123),(218,'CAMPUS MATRIZ','Guayas','Guayaquil','Kilómetro 2,5 v├¡a a Samborondón',124),(219,'CAMPUS SAMBORONDÓN','Guayas','Samborondón','Vía Samborondón Kilómetro 13.5',126),(220,'CAMPUS JUAN TANCA MARENGO','Guayas','Guayaquil','Avenida Juan Tanca Marengo Kilómetro 2',126),(221,'CAMPUS LA COSTA','Guayas','Guayaquil','Vía a la Costa, Kilómetro 16.5 (sentido Guayaquil)',126),(222,'CAMPUS MATRIZ','Guayas','Guayaquil','Urdesa Central, Guayacanes 520 y la 5ta.',127),(223,'CAMPUS POSGRADO','Guayas','Guayaquil','Circunvalación Sur 813 e Higueras (frente a Ecuasanitas)',127),(224,'CAMPUS MATRIZ','Imbabura','Otavalo','Ciudadela Imbaya, Avenida de los Sarances s/n y Pendoneros',128),(225,'CENTRO MATRIZ','Loja','Loja','Barrio San Cayetano Alto, calle Marcelino Champagnat s/n',129),(226,'CENTRO CARIAMANGA','Loja','Cariamanga','Ciudadela Luis Alfonso Crespo: Avenida Mons. Santiago Fernández y Avenida Ahuaca',129),(227,'CENTRO MACARÁ','Loja','Macará','Barrio Central, Manuel Enrique Rengel y Abdón Calderón - N 02-03',129),(228,'CENTRO ALAMOR','Loja','Alamor','Ciudadela 9 d Diciembre, calles Velasco Ibarra y Sucre esquina',129),(229,'CENTRO CELICA','Loja','Celica','José Cuero Caicedo y Eloy Alfaro esquina',129),(230,'CENTRO CATACOCHA','Loja','Catacocha','10 de Agosto y Lauro Guerrero',129),(231,'CENTRO SARAGURO','Loja','Saraguro','Calle 10 de Marzo y Azuay (Diagonal a BanEcuador)',129),(232,'CENTRO ZUMBA','Zamora Chinchipe','Zumba','Calle 24 de Mayo y Calderon frente al GAD Chinchipe',129),(233,'CENTRO ZAMORA','Zamora Chinchipe','Zamora','Avenida del Ejército junto al Colegio 12 de Febrero',129),(234,'CENTRO GUAYZIMI','Zamora Chinchipe','Guayzimi','Austria entre Carlos Vélez y 19 de Noviembre',129),(235,'CENTRO YANTZAZA','Zamora Chinchipe','Yantzaza','1ero de mayo y Jorge Mosquera',129),(236,'CENTRO YANTZAZA','Zamora Chinchipe','Yantzaza','1ero de mayo y Jorge Mosquera',129),(237,'CENTRO ZARUMA','El Oro','Zaruma','Sucre y Sexmo, 1er piso alto, diagonal al Hotel Águila Dorada',129),(238,'CENTRO PIÑAS','El Oro','Piñas','Avenida 8 de Noviembre, Escalinatas Máximo Añazco',129),(239,'CENTRO BALSAS','El Oro','BALSAS','Juan Montalvo y 13 de noviembre',129),(240,'CENTRO GUALAQUIZA','Morona Santiago','Gualaquiza','Eloy Alfaro entre Cuenca y Elías Brito',129),(241,'CENTRO SANTA ISABEL','Azuay','Santa Isabel','Calle 24 de mayo y Abdón Calderón',129),(242,'CENTRO PASAJE','El Oro','Pasaje','Avenida Rocafuerte y Colón',129),(243,'CENTRO SANTA ROSA','El Oro','Santa Rosa','Calle Sucre entre El Oro y 30 de agosto. A la vuelta del Banco del Austro',129),(244,'CENTRO HUAQUILLAS','El Oro','Huaquillas','Avenida La República y Sucre, 1er piso Edificio Cen Sur',129),(245,'CENTRO MACHALA','El Oro','Machala','Avenida Bol├¡var Madero Vargas y Circunvalación Norte esquina. Vía a Puerto Bolívar',129),(246,'CENTRO LIMÓN INDANZA','Morona Santiago','General Leonidas Plaza Gutiérrez','28 de Mayo entre Av. del Ejercito y Simón Bolívar',129),(247,'CENTRO GUALACEO','Azuay','Gualaceo','3 de Noviembre 11-23 entre Abelardo Andrade y Luis Salazar Bravo',129),(248,'CENTRO MONAY','Azuay','Monay','Gonzalez Suarez y Max Uhle (Plaza Bocatti)',129),(249,'CENTRO CUENCA','Azuay','Cuenca','Avenida Gran Colombia 22-167 y Unidad Nacional',129),(250,'CENTRO AZOGUES','Cañar','Azogues','Av. Andrés F. Córdova y Napo (Edificio Jerez)',129),(251,'CENTRO PAUTE','Azuay','Paute','Garcia Moreno entre Luntur y Abdon Calderon',129),(252,'CENTRO MÉNDEZ','Morona Santiago','Santiago de Méndez','Quito e/ 27 de Febrero y Eudofilio Álvarez',129),(253,'CENTRO CAÑAR','Cañar','Cañar','Ciudadela Nuevo Paraiso',129),(254,'CENTRO SUCÚA','Morona Santiago','Sucúa','12 de Febrero entre Edmundo Carvajal y Domingo Comín',129),(255,'CENTRO MACAS','Morona Santiago','Macas','Manuel Bejarano y 9 de Octubre',129),(256,'CENTRO ALAUSÍ','Chimborazo','Alausí','Calle Venezuela (Unidad Educativa San Francisco de Sales)',129),(257,'CENTRO LA TRONCAL','Cañar','La Troncal','10 de Agosto 507 y Andrés F. Córdova, Local 3',129),(258,'CENTRO MILAGRO','Guayas','Milagro','Juan Montalvo y Eloy Alfaro referencia, cerca de la Fiscalia de Milagro',129),(259,'CENTRO DURÁN','Guayas','Durán','Parque Industrial Sai Baba, Lotización Ferias, vía Durán Tambo Kilómetro 4.5, local No. 27',129),(260,'CENTRO GUASMO','Guayas','Guayaquil','Avenida Raúl Clemente Huerta, Coop. 5 de Octubre MZ. 2980 solar 10.',129),(261,'CENTRO CENTENARIO SUR','Guayas','Guayaquil','Avenida 6 de marzo 4311 entre Rosendo Avilés y Oconnors',129),(262,'CENTRO GUAYAQUIL','Guayas','Guayaquil','Avenida Kennedy 333 entre Av. San Jorge y calle F',129),(263,'CENTRO SAMANES','Guayas','Guayaquil','Avenida Isidro Ayora Samanes 2 MZ 234 solar 2, Edificio OMACONSA frente a Taurus Gym',129),(264,'CENTRO SAMBORONDÓN','Guayas','Samborondón','Centro Comercial MIXCENTER, Kilómetro 19 de la Avenida León Febres Cordero , local comercial No. 11',129),(265,'CENTRO PLAYAS','Guayas','Playas','Avenida Paquisha y 12 de Octubre, al lado de BanEcuador',129),(266,'CENTRO SALINAS','Santa Elena','Salinas','Calle Carlos Espinoza Larrea, Manzana H, Lotes 20-21',129),(267,'CENTRO DAULE','Guayas','Daule','Vicente Piedrahita 4-42, Centro Comercial Yanco, of. 15',129),(268,'CENTRO BABAHOYO','Los Ríos','Babahoyo','Avenida 5 de Junio 1102 y Mart├¡n Icaza',129),(269,'CENTRO GUARANDA','Bolívar','Guaranda','Sucre y García Moreno, edificio del Sindicato de Choferes',129),(270,'CENTRO RIOBAMBA','Chimborazo','Riobamba','Juan Chiriboga y Canónigo Ramos, Cdla. Álamos II',129),(271,'CENTRO PUYO','Pastaza','Puyo','Guayaquil entre Cotopaxi y Tungurahua. Cdla. Del Chofer',129),(272,'CENTRO PELILEO','Tungurahua','Pelileo','Avenida Padre Chacón y 22 de Julio',129),(273,'CENTRO AMBATO','Tungurahua','Ambato','Avenida Guaytambos y Manzanas (esquina) sector Ficoa',129),(274,'CENTRO QUINSALOMA','Los Ríos','Quinsaloma','Calle Progreso y Zoilo Franco. Diagonal al Parque Central',129),(275,'CENTRO QUEVEDO','Los Ríos','Quevedo','Avenida Walter Andrade N┬░306 y Avenida 11 de julio. Parroquia 24 de mayo, junto a la Notaria Sexta',129),(276,'CENTRO TENA','Napo','Tena','Calle Abdón Calderón y Juan León Mera (esquina) Barrio Central',129),(277,'CENTRO LATACUNGA','Cotopaxi','Latacunga','2 de Mayo 01-61 y Marquéz de Maenza',129),(278,'CENTRO PORTOVIEJO','Manabí','Portoviejo','Avenida Reales Tamarindos y Tenis Club',129),(279,'CENTRO MANTA','Manabí','Manta','Avenida Primera entre calles 23 y 24, sector El Murciélago',129),(280,'CENTRO BAHÍA DE CARÁQUEZ','Manabí','Bahía de Caráquez','Avenida Antonio Ante y Malecon Alberto F. Santos',129),(281,'CENTRO CALCETA','Manabí','Calceta','Salinas y Avenida Universitaria',129),(282,'CENTRO CHONE','Manabí','Chone','Trajano Viteri y Colón esquina',129),(283,'CENTRO PEDERNALES','Manabí','Pedernales','Centro comercial Pedernales, oficina 17, Marialuisa Loor Rios SN y Machala',129),(284,'CENTRO ESMERALDAS','Esmeraldas','Esmeraldas','Avenida La Libertad 407 y Lavayen',129),(285,'CENTRO QUININDÉ','Esmeraldas','Quinindé','Avenida 6 de Diciembre, vía a Santo Domingo',129),(286,'CENTRO LA CONCORDIA','Santo Domingo de los Tsáchilas','La Concordia','Juan Montalvo entre Quito y Amazonas',129),(287,'CENTRO SANTO DOMINGO','Santo Domingo de los Tsáchilas','Santo Domingo','Avenida Chone Kilómetro 2 1/2, calle San Cristóbal',129),(288,'CENTRO TURUBAMBA','Pichincha','Quito','Cusubamba Oe2-498 y Avenida Teniente Hugo Ortiz, junto al antiguo Registro Civil',129),(289,'CENTRO MACHACHI','Pichincha','Machachi','Avenida Amazonas y Calle Antonio Benítez (Edificio María Sol, planta baja, oficina N 4)',129),(290,'CENTRO SAN RAFAEL','Pichincha','Quito','Avenida General Rumiñahui 369 e Isla Genovesa, junto a la Concesionaria de Nissan',129),(291,'CENTRO VILLAFLORA','Pichincha','Quito','Calle Chambo S8-507 y Cerro hermoso tras el supermercado Santa María de Villaflora',129),(292,'CENTRO REGIONAL QUITO','Pichincha','Quito','Avenida 6 de Diciembre N31-47 y Alpallana',129),(293,'CENTRO TUMBACO','Pichincha','Quito','Avenida Interoceánica 2829, entre González Suarez y Núñez-frente a EDIMCA, a 300 metros del Ventura Mall, vía Tumbaco ',129),(294,'CENTRO CARAPUNGO','Pichincha','Quito','Avenida Simón Bolívar, Panamericana Norte y Capitán Giovanni Calles - Centro Comercial Portal Shopping.',129),(295,'CENTRO CALDERÓN','Pichincha','Quito','Avenida Giovanni, calles OE4-261 y Vicente Paredes frente al Hospital Docente de Calderón (Sector Marianas)',129),(296,'CENTRO SAN MIGUEL DE LOS BANCOS','Pichincha','San Miguel de los Bancos','Avenida 17 de Julio y Segundo Guerrero',129),(297,'CENTRO EL CHACO','Napo','El Chaco','Calle 13 de Enero y 13 de Junio',129),(298,'CENTRO COCA','Orellana','Francisco de Orellana','Avenida 6 de Diciembre entre Juan Montalvo y Simón Bolivar',129),(299,'CENTRO JOYA DE LOS SACHAS','Orellana','Joya de los Sachas','Misión Capuchina entre Estefanía Crespo y Jaime Roldós',129),(300,'CENTRO SHUSHUFINDI','Sucumbíos','Shushufindi','Avenida 7 de agosto y Shuaras',129),(301,'CENTRO NUEVA LOJA','Sucumbíos','Nueva Loja / Lago Agrio','Avenida Circunvalación y Avenida Del Chofer, a una cuadra de la Plaza Cívica',129),(302,'CENTRO CAYAMBE','Pichincha','Cayambe','Restauración S1-39 y Junín, Edificio Granda Cruz, 2do piso',129),(303,'CENTRO OTAVALO','Imbabura','Otavalo','Avenida Atahualpa y Manuel Andrade, Edificio Rumiñahui, Planta Baja, Ciudadela. Rumiñahui, diagonal al Consejo de la Judicatura',129),(304,'CENTRO IBARRA','Imbabura','Ibarra','Avenida Capitán Cristóbal de Troya 5-211 y Luis Fernando Villamar',129),(305,'CENTRO SAN GABRIEL','Carchi','San Gabriel','Calderón entre Montúfar y Rocafuerte',129),(306,'CENTRO TULCÁN','Carchi','Tulcán','Andrés bello e Irlanda, Barrio Sara Espíndola',129),(307,'CENTRO SAN LORENZO','Esmeraldas','San Lorenzo','Avenida Esmeraldas, entre la calle 29 de abril y Armada Nacional',129),(308,'CAMPUS MATRIZ','Manabí','Portoviejo','Avenida Metropolitana #2005 y Avenida Olimpica',130),(309,'CAMPUS MATRIZ','Pichincha','Quito','Avenida Machala OE6-160 entre José Carrión y Occidental',131),(310,'CAMPUS CENTRO CASONA','Pichincha','Quito','Calle Pedro Valdivia 154 entre Jorge Washington y General. Francisco Robles',131),(311,'CAMPUS GRANADOS','Pichincha','Quito','Avenida de los Granados y Colimes, esquina',229),(312,'CAMPUS QUERI','Pichincha','Quito','José Queri y Avenida de los Granados',229),(313,'CAMPUS COLÓN','Pichincha','Quito','Avenida N25 Cristóbal Colón E9-241',229),(314,'CAMPUS UDLAPARK','Pichincha','Quito','Redondel de El Ciclista, Antigua Vía a Nayón',229),(315,'GRANJA EXPERIMENTAL NONO','Pichincha','Quito','Parroquia Nono',229),(316,'CAMPUS MATRIZ','Pichincha','Quito','Paseo de la Universidad no. 300 y Juan Díaz, Iñaquito Alto',132),(317,'CAMPUS MATRIZ','Pichincha','Quito','Avenida 9 de Octubre N25-12 y Colón (Esquina)',133),(318,'FACULTAD DE SALUD','Pichincha','Quito','Santa María E4-63 y Avenida 9 Octubre',133),(319,'CAMPUS MIGUEL DE CERVANTES','Pichincha','Quito','Calle Alberto Einstein s/n y 5ta. transversal - Carcelén',134),(320,'CAMPUS JUAN MONTALVO','Pichincha','Quito','El Calvario s/n y Fray Francisco Compte - Guápulo',134),(321,'CAMPUS FELIPE SEGOVIA OLMO','Pichincha','Quito','Calle Italia N31-125 y Avenida Mariana de Jesús - Centro',134),(322,'CAMPUS MATRIZ','Tungurahua','Ambato','Bolivar 2035 y Guayaqui',135),(323,'CAMPUS AGRAMONTE','Tungurahua','Ambato','Avenida Manuela Sáenz y Agramonte',135),(324,'CAMPUS QUITO','Pichincha','Quito','Machala y Sabanilla',135),(325,'CAMPUS SANTA LUCÍA - MODALIDAD DISTANCIA','Guayas','Santa Lucía','Daniel Comboni y Santa Lucía',135),(326,'CAMPUS MATRIZ','Pichincha','Quito','Francisco Pizarro E4-142 y Marieta de Veintimilla',230),(327,'CAMPUS CENTRO ZONA 2','Pichincha','Quito','Avenida Orellana E3-25 y 9 de Octubre',230),(328,'CAMPUS CENTRO ZONA 3','Pichincha','Quito','Avenida 10 de Agosto y Orellana',230),(329,'CAMPUS NORTE','Pichincha','Quito','Antonio Costas y Miguel Donoso (700 metros arriba de la Avenida Occidental)',230),(330,'CENTRO DE APOYO CUENCA','Azuay','Cuenca','Simón Bolívar y Manuel Vega - San Blas',230),(331,'CENTRO DE APOYO JOYA DE LOS SACHAS','Orellana','Joya de los Sachas','Calle C y 10 de Agosto',230),(332,'CENTRO DE APOYO AMBATO','Tungurahua','Ambato','Bolívar 19-64 entre Castillo y Quito. Edificio Sindicato de Choferes 5to piso',230),(333,'CAMPUS MATRIZ','Pichincha','Quito','Calle Rumipamba s/n entre Bourgeois y Atahualpa',136),(334,'CAMPUS OCCIDENTAL','Pichincha','Quito','Avenida Mariscal Sucre s/n y Mariana de Jesús',136),(335,'SEDE SANTO DOMINGO','Santo Domingo de los Tsáchilas','Santo Domingo','Vía Chone Kilómetro 4.5 y Avenida Italia',136),(336,'SEDE SANTA ELENA','Santa Elena','Santa Elena','Avenida Carlos Espinoza Larrea s/n. Ciudadela \"La Milina\", diagonal al Estadio Camilo Gallegos Domínguez',136),(337,'CAMPUZ MATRIZ','Azuay','Cuenca','Gonzalez Suarez y Manuel Paredes',137),(338,'CAMPUZ MATRIZ','Azuay','Cuenca','Mariscal Lamar 18-77 entre Octavio Cordero y Abraham Sarmiento',138),(339,'CAMPUZ MATRIZ','Azuay','Girón','Avenida Pasaje Giron',138),(340,'CAMPUZ MATRIZ','Azuay','Cuenca','Avenida Paseo 3 de Noviembre y Calle de Los Helechos s/n ',139),(341,'CAMPUZ MATRIZ','Azuay','Cuenca','Avenida Fray Vicente Solano L2 y Avenida 12 de Abril (Junto al Banco Pichincha)',140),(342,'CAMPUZ MATRIZ','Azuay','Cuenca','Simón Bolívar y Manuel Vega Esquina',141),(343,'CAMPUZ MATRIZ','Chimborazo','Colta','',142),(344,'CAMPUZ MATRIZ','Chimborazo','Riobamba','España 25-61 y Argentinos',143),(345,'CAMPUZ MATRIZ','Chimborazo','Riobamba','Calle Veloz 32-12 y Vargas Torres',144),(346,'CAMPUZ MATRIZ','Chimborazo','Riobamba','Calle Loja 19-28 entre villarroel y Olmedo',145),(347,'CAMPUZ MATRIZ','Chimborazo','Riobamba','Espejo 17-19 y Colombia',146),(348,'CAMPUZ MATRIZ','Guayas','Guayaquil','Garzota 1 manzana 8 villa 17',147),(349,'CAMPUZ MATRIZ','Guayas','Daule','Ciudadela el recuerdo, Olmedo entre Juan Leon Mera y Misael Acosta Solis',148),(350,'CAMPUZ MATRIZ','Guayas','Guayaquil','Avenida José A. Gómez Gault, Kilómetro 8.5 vía a Daule',149),(351,'CAMPUZ MATRIZ','Guayas','Guayaquil','Avenida Juan Tanca Marengo kilómetro 6.5 y Avenida Gómez Gaul, dentro del colegio Americano',150),(352,'CAMPUZ MATRIZ','Guayas','Guayaquil','Víctor Manuel Rendón 236 y Pedro Carbo',151),(353,'CAMPUZ BOCAYÁ','Guayas','Guayaquil','Padre Solano No.324 y Boyacá Esquina',151),(354,'CAMPUZ ROCA FUERTE','Guayas','Guayaquil','Vicente Rocafuerte #101 y Pedro carbo esquina',151),(355,'CAMPUZ ATARAZANA','Guayas','Guayaquil','Avenida Pedro Menéndez Gilbert y callejón',151),(356,'CAMPUZ MATRIZ','Guayas','Guayaquil','Padre Solano 324 Y Boyacá',152),(357,'CAMPUZ MATRIZ','Guayas','Guayaquil','Avenida Las Aguas y Alianza',153),(358,'CAMPUZ MATRIZ','Guayas','Guayaquil','Kennedy Norte Manzana 304, calle Eleodoro Arboleda, entre Avenida Miguel H. Alcívar y Avenida de las Américas',154),(359,'CAMPUZ MATRIZ','Guayas','Guayaquil','Avenida Juan Tanca Marengo Km. 2.5 y Avenida Las Aguas',155),(360,'CAMPUZ MATRIZ','Guayas','Guayaquil','Avenida Carlos Julio Arosemena Kilómetro 2.5',156),(361,'EDIFICIO 1','Guayas','Guayaquil','Quisquis 1317 y Los R├¡os (Barrio Orellana)',157),(362,'EDIFICIO 2','Guayas','Guayaquil','1ro de Mayo 812 y Los Ríos (Barrio Orellana)',157),(363,'CAMPUS MATRIZ','Guayas','Guayaquil','Víctor Emilio Estrada #806 entre Guayacanes e Higueras',158),(364,'CAMPUS MATRIZ','Guayas','Guayaquil','La Casa Roja de la Avenida del Bombero, Kilómetro 5 1/2 vía a la costa',159),(365,'CAMPUS MATRIZ','Guayas','Guayaquil','Miguel Aspiazu Carbo 215 entre Calle primera y Dr Antonio Sánchez Granados',160),(366,'CAMPUS MATRIZ','Guayas','Guayaquil','Edificio Fontaine, Keneddy Norte. Avenida Miguel H. Alcivar Manzana 1 Solares 10-11',161),(367,'CAMPUS MATRIZ','Guayas','Guayaquil','Calle Pública y Avenida Juan Tanca Marengo',162),(368,'CAMPUS MATRIZ','Guayas','Guayaquil','Ciudadela La Garzota 3era. Etapa manzana 92 Local 6',163),(369,'CAMPUS MATRIZ','Guayas','Guayaquil','9 de Octubre 421 y Chimborazo',164),(370,'CAMPUS MATRIZ','Guayas','Guayaquil','Manuel Rendón Seminario # 637 y Costanera \"B\" (Urdesa Central)',165),(371,'CAMPUS MATRIZ','Guayas','Guayaquil','Ilanes 500 y calle 1era. Urdesa Central Piso 1',166),(372,'CAMPUS MATRIZ','Imbabura','Ibarra','Avenida Atahualpa 14-148 y José Miguel Leoro',167),(373,'CAMPUS MATRIZ','Imbabura','Ibarra','El Oro y Avenida 13 de Abril, sector Huertos Familiares',168),(374,'CAMPUS MATRIZ','Imbabura','Ibarra','José Domingo Albuja 2-47 y Avenida Teodoro Goméz de la Torre',169),(375,'CAMPUS QUITO','Pichincha','Quito','Avenida América y Naciones Unidas',169),(376,'CAMPUS MATRIZ','Loja','Loja','Avenida Daniel ├ülvarez y Avenida Orillas del Zamora',170),(377,'CAMPUS MATRIZ','Loja','Loja','Avenida Emiliano Ortega 13-75 y Lourdes',171),(378,'CAMPUS MATRIZ','Loja','Loja','José Antonio Eguiguren, Ramón Pinto y Lauro Guerrero',172),(379,'CAMPUS MATRIZ','Loja','Loja','José María Peña 14-38 entre Av. Pio Jaramillo y Venezuela',173),(380,'CAMPUS MATRIZ','Loja','Cariamanga','Calle Velasco Ibarra entre 18 de Noviembre y 14 de Octubre 593',174),(381,'CAMPUS MATRIZ','Loja','Catamayo','Calle 9 de octubre y Eugenio Espejo',175),(382,'CAMPUS MATRIZ','Loja','Loja','Miguel Riofrío 156-26 entre Sucre y Bolívar',176),(383,'CAMPUS MATRIZ','Manabí','Portoviejo','Jaime Roldos Aguilera',177),(384,'CAMPUS MATRIZ','Orellana','Joya de los Sachas','Calle C y 10 de Agosto',178),(385,'CAMPUS MATRIZ','Pichincha','Quito','Versalles N25-42 y Colón',179),(386,'CAMPUS MATRIZ','Pichincha','Quito','Antonio de Ulloa N34-419 y Abelardo Moncayo',180),(387,'CAMPUS MATRIZ','Pichincha','Quito','Alberto Enríquez S8-225 y José Mendoza, Sector: Dos Puentes',181),(388,'CAMPUS NORTE','Pichincha','Quito','Santa Lucía E1-65 y Avenida Galo Plaza, Instalaciones del Colegio Masay',181),(389,'CAMPUS SANTO DOMINGO','Santo Domingo de los Tsáchilas','Santo Domingo','Cooperativa Santa Martha, sector 2, calle Paullu y San Antonio (Colegio Tercer Milenio)',181),(390,'CAMPUS PORTOVIEJO','Manabí','Portoviejo','Cooperativa Santa Martha, sector 2, calle Paullu y San Antonio (Colegio Tercer Milenio)',181),(391,'CAMPUS MATRIZ','Pichincha','Quito','Avenida 6 de diciembre N24-215 y Lizardo García',182),(392,'CAMPUS MATRIZ SUR','Pichincha','Quito','Avenida Maldonado S9-496 Y Gil Martin, Una cuadra al norte del centro comercial el recreo',183),(393,'CAMPUS ADMISION NORTE','Pichincha','Quito','Jose de Soto Y Avenida de la prensa, frente al condado Shoping',183),(394,'CAMPUS MATRIZ','Pichincha','Quito','Avenida de la Prensa N45-268 y Logroño',184),(395,'CAMPUS 1','Pichincha','Quito','Calle Logroño Oe 2-84 y Avenida de la Prensa, esquina',184),(396,'CAMPUS 2','Pichincha','Quito','Bracamoros N15-163 y Yacuambi',184),(397,'CAMPUS 3','Pichincha','Quito','Avenida Brasil N46-45 y Zamora',184),(398,'CAMPUS 4','Pichincha','Quito','Yacuambi Oe2-36 y Avenida De la Prensa',184),(399,'CAMPUS MATRIZ','Pichincha','Quito','Edmundo Chiriboga Oe3H y Jorge Paez',185),(400,'CAMPUS INCA','Pichincha','Quito','Avenida El Inca N47-46 y Avenida 6 de Diciembre, Quito',186),(401,'CAMPUS RUMIPAMPA','Pichincha','Quito','Rumipamba Oe3-19 y Antonio de Ulloa',186),(402,'CAMPUS MATRIZ','Pichincha','Quito','Hernando Sarmiento N39-159 y Hugo Moncayo detrás de la Gasolinera Petroecuador 6 de Diciembre y Gaspar de Villarroel',187),(403,'CAMPUS MATRIZ','Pichincha','Quito','Avenida de la Prensa N64-95 y San Carlos-Cotocollao',188),(404,'CAMPUS MATRIZ','Pichincha','Quito','Hernández de Girón y Manuela Sáenz esquina',189),(405,'CAMPUS MATRIZ','Pichincha','Quito','Lugo N24-298 y Vizcaya. La Floresta',190),(406,'CAMPUS MATRIZ','Pichincha','Quito','Pablo del Solar E5-112 e Isla Seymour, Sector Colegio de América',191),(407,'CAMPUS MATRIZ','Pichincha','Quito','Avenida Simón Bolivar S/N junto a Camposanto Monteolivo',192),(408,'CAMPUS MATRIZ','Pichincha','Quito','Gonzalo Serrano E11 - 62 y Avenida 6 de Diciembre',193),(409,'CAMPUS MATRIZ','Pichincha','Quito','Inglaterra N32-12 entre Mariana de Jesús y Vancouver',194),(410,'CAMPUS MATRIZ','Pichincha','Quito','Queseras del Medio E11-74 y Avenida 12 de Octubre, Sector Hospital Militar',195),(411,'CAMPUS MATRIZ','Pichincha','Quito','Calle Sabanilla Oe6-133 y Elicio Flor, Sector Quito Norte',196),(412,'CAMPUS SANTO DOMINGO','Santo Domingo de los Tsáchilas','Santo Domingo','Calle C y D Barrio Mira Flores, diagonal al Consejo de la Judicatura',196),(413,'CAMPUS GUAYAQUIL','Guayas','Guayaquil','Demetrio Aguilera Malta Y Avenida Francisco de Orellana esquina',196),(414,'CAMPUS GUAYAQUIL','Manabí','Portoviejo','Paso lateral Manabí Guillen, Urbanización Quintas del norte (Diagonal a Solca)',196),(415,'CAMPUS MATRIZ','Pichincha','Quito','',197),(416,'CAMPUS SANTO DOMINGO','Santo Domingo de los Tsáchilas','Santo Domingo','',197),(417,'CAMPUS MATRIZ','Pichincha','Quito','Carapungo, Geovanni Calles OE11213 y Neptaly Godoy',198),(418,'CAMPUS COLON','Pichincha','Quito','Avenida 10 de Agosto N25-39 y Colón',198),(419,'CAMPUS MATRIZ','Pichincha','Quito','Avenida Selva Alegre Oe2-11 y Toribio Montes',199),(420,'CAMPUS MATRIZ','Pichincha','Quito','Gonzalo Serrano E11-23 y Av.6 de diciembre, una cuadra al norte del Estadio Olímpico.',200),(421,'CAMPUS MATRIZ','Pichincha','Quito','Avenida Iñaquito E3-92 y Avenida Amazonas',201),(422,'CAMPUS MATRIZ','Pichincha','Quito','Avenida 10 de agosto y Buenos Aires,Centro de Quito frente al Parque El Ejido',202),(423,'CAMPUS CONDADO','Pichincha','Quito','Avenida la Prensa, ubicados en el Colegio Andrés Bello',202),(424,'EDIFICIO PICHINCHA','Pichincha','Quito','Avenida 10 de Agosto y Checa',202),(425,'CAMPUS PUERTO QUITO','Pichincha','Puerto Quito','Vía Piedras a Vapor, en el Colegio Técnico Puerto Quito',202),(426,'CAMPUS PEDRO MONCAYO','Pichincha','Pedro Moncayo','Avenida González Suárez 558, en el Colegio Nacional Tabacundo',202),(427,'CAMPUS 1','Pichincha','Quito','Avenida 6 de diciembre N25-97 y Avenida Colón',203),(428,'CAMPUS 2','Pichincha','Quito','Avenida Rámirez Dávalos OE1-93 y Avenida 10 de agosto',203),(429,'CAMPUS MATRIZ','Pichincha','Quito','Avenida Oswaldo Guayasamín',204),(430,'CAMPUS MATRIZ','Pichincha','Quito','Barrio Marieta de Veintimilla - Pomasqui',205),(431,'CAMPUS SANTO DOMINGO','Santo Domingo Tsáchilas','Santo Domingo','Avenida Galápagos 505 y Calle Cuenca (frente a Solca)',205),(432,'CAMPUS MATRIZ','Pichincha','Quito','Juan Díaz OE9 y Paseo de la Universidad',206),(433,'CAMPUS MATRIZ','Pichincha','Quito','Avenida 10 de Agosto N34-38 y Rumipamba',207),(434,'CAMPUS MATRIZ','Pichincha','Quito','Matilde Álvarez y avenida Mariscal Sucre (sector chillogallo)',208),(435,'CAMPUS MATRIZ','Pichincha','Quito','Ibería E14-60 y Ladrón de Guevara',209),(436,'CAMPUS MATRIZ','Pichincha','Quito','Ulpiano Páez N19-26 y Avenida Patria',210),(437,'CAMPUS MATRIZ','Pichincha','Quito','Calle Rocafuerte EO-15 y Libertad',211),(438,'CAMPUS EL PÓRTICO','Pichincha','Quito','Avenida Panamerica Norte y la Niña (frente al Parque Yaznan) ',211),(439,'GRANJA EXPERIMENTAL','Pichincha','Cayambe','Parroquia Juan Montalvo, vía a la Comunidad Josefina',211),(440,'CAMPUS MATRIZ','Pichincha','Quito','Avenida 10 de Agosto N25-39 Y Avenida Colón',212),(441,'CAMPUS MATRIZ','Pichincha','Quito','Carán N3-195 y Calle B (Nueva Tola2)',213),(442,'CAMPUS MATRIZ','Pichincha','Sangolquí','Avenida Atahualpa 1701 y 8 de Febrero',214),(443,'CAMPUS GUAYAQUIL','Guayas','Guayaquil','Calle Quisquis y Tulcán esquina',214),(444,'CAMPUS IBARRA','Imbabura','Ibarra','Sanchez y Cifuentes N1120 y Velasco, frente a la Gobernación de Imbabura',214),(445,'CAMPUS LATACUNGA','Cotopaxi','Latacunga','Centro comercial Colonial calle guayaquil entre 2 de mayo y belisario quevedo local 103',214),(446,'CAMPUS LA LIBERTAD','Santa Elena','Libertad','Av. Eleodoro Solorzano entre Calle 14 y 15, junto a la Clínica Baste y frente al Estadio Once Deportivo',214),(447,'CAMPUS MANTA','Manabí','Manta','Plaza Forum calle 14 y Avenida 30 planta baja ',214),(448,'CAMPUS TULCAN','Carchi','Tulcan','Calle Pichincha y Bolívar junto a la Escuela Alejandro R. Mera',214),(449,'CAMPUS SANTO DOMINGO','Santo Domingo de los Tsáchilas','Santo Domingo','Avenida Río Toachi N254 y Luis Alberto Valencia, planta baja, diagonal al Gran Hotel Santo Domingo',214),(450,'CAMPUS MATRIZ','Pichincha','Quito','Avenida 10 de agosto N35-108 e Ignacio San María',215),(451,'CAMPUS IBARRA','Imbabura','Ibarra','Juan José Flores 5-25 y Sucre',215),(452,'CAMPUS SUR','Pichincha','Quito','Jambelí oe3-158 y La Unión',216),(453,'CAMPUS NORTE','Pichincha','Quito','Los Cipreses N6-99 y Avenida Giovanni Calles.',216),(454,'CAMPUS MATRIZ','Pichincha','Quito','Pasaje Praga S3-34 y Vía Interoceánica, A 100 metros del C.C. SCALA, junto a Nissan Vallemotors. Cumbayá',217),(455,'CAMPUS MATRIZ','Pichincha','Quito','Avenida Maldonado y 4ta Transversal (Diagonal a la Terminal Sur de la Ecovía). Guamaní',218),(456,'CAMPUS NORTE','Pichincha','Quito','Avenida Carapungo Oe7-312 y Landázuri (Diagonal al Colegio Miguel Ángel Asturias). Calderón',218),(457,'CAMPUS MATRIZ','Santo Domingo de los Tsáchilas','Santo Domingo','Kilómetro 14.5 Vía Quevedo - Santo Domingo',219),(458,'CAMPUS MATRIZ','Santo Domingo de los Tsáchilas','Santo Domingo','Avenida Clemencia de Mora S/N y Río Tiputini',220),(459,'CAMPUS MATRIZ','Santo Domingo de los Tsáchilas','Santo Domingo','Avenida Tsáchila , Urbanización Vega, Calle Rio Shiripuno y Rio Yamino, Lote 7 , Instalaciones del Colegio \"Latino\"',221),(460,'CAMPUS MATRIZ','Sucumbíos','Lago Agrio','Vía Quito - Santa Cecilia  kilómetro 12,Finca Experimental Doña Godina',222),(461,'CAMPUS MATRIZ','Tungurahua','Ambato','Avenida Atahualpa, Marcos Montalvo y Alonso Castillo (Sector Puente La Pradera Huachi Chico',223),(462,'CAMPUS MATRIZ','Tungurahua','Ambato','Juan Benigno Vela 07-56 entre Montalvo y Mera',224),(463,'CAMPUS MATRIZ','Tungurahua','Ambato','Calle Bolivar 19-64 entre Castillo y Quito, Edificio Sindicato de Choferes',225),(464,'CAMPUS MATRIZ','Tungurahua','Ambato','Pareja Diezcanseco y Remigio Crespo ',226);
/*!40000 ALTER TABLE `faculties` ENABLE KEYS */;
UNLOCK TABLES;

--
-- Table structure for table `fieldsofstudy`
--

DROP TABLE IF EXISTS `fieldsofstudy`;
/*!40101 SET @saved_cs_client     = @@character_set_client */;
/*!50503 SET character_set_client = utf8mb4 */;
CREATE TABLE `fieldsofstudy` (
  `fieldOfStudyId` int NOT NULL AUTO_INCREMENT,
  `fieldOfStudyName` varchar(60) DEFAULT NULL,
  PRIMARY KEY (`fieldOfStudyId`)
) ENGINE=InnoDB AUTO_INCREMENT=26 DEFAULT CHARSET=utf8mb4 COLLATE=utf8mb4_0900_ai_ci;
/*!40101 SET character_set_client = @saved_cs_client */;

--
-- Dumping data for table `fieldsofstudy`
--

LOCK TABLES `fieldsofstudy` WRITE;
/*!40000 ALTER TABLE `fieldsofstudy` DISABLE KEYS */;
INSERT INTO `fieldsofstudy` VALUES (1,'Aeronáutica, transportes y náutica'),(2,'Agronomía, Agricultura, Ganadería, Pesca y Veterinaria'),(3,'Artes y humanidades'),(4,'Artes audiovisuales y digitales'),(5,'Arquitectura, construcción y diseño'),(6,'Ciencias de la salud'),(7,'Ciencias de la educación'),(8,'Ciencias económicas y administrativas'),(9,'Ciencias exactas'),(10,'Ciencias Sociales'),(11,'Ciencias Jurídicas y Políticas'),(12,'Cocina y Gastronomía'),(13,'Comercio y Negocios'),(14,'Comunicación y Periodismo'),(15,'Cuerpos de seguridad, criminología, carrera militar'),(16,'Deportes y educación física'),(17,'Disciplinas de la computación'),(18,'Idiomas'),(19,'Imagen personal y estética'),(20,'Industria, mecánica, electricidad y electrónica'),(21,'Marketing y publicidad'),(22,'Medio Ambiente'),(23,'Medios de comunicación: televisión, radio, fotografía'),(24,'Teología y Religión'),(25,'Turismo y Hostelería');
/*!40000 ALTER TABLE `fieldsofstudy` ENABLE KEYS */;
UNLOCK TABLES;

--
-- Table structure for table `modalities`
--

DROP TABLE IF EXISTS `modalities`;
/*!40101 SET @saved_cs_client     = @@character_set_client */;
/*!50503 SET character_set_client = utf8mb4 */;
CREATE TABLE `modalities` (
  `modalityId` int NOT NULL AUTO_INCREMENT,
  `modalityName` varchar(45) DEFAULT NULL,
  PRIMARY KEY (`modalityId`)
) ENGINE=InnoDB AUTO_INCREMENT=6 DEFAULT CHARSET=utf8mb4 COLLATE=utf8mb4_0900_ai_ci;
/*!40101 SET character_set_client = @saved_cs_client */;

--
-- Dumping data for table `modalities`
--

LOCK TABLES `modalities` WRITE;
/*!40000 ALTER TABLE `modalities` DISABLE KEYS */;
INSERT INTO `modalities` VALUES (1,'Presencial'),(2,'Semipresencial'),(3,'A distancia'),(4,'En línea'),(5,'Dual');
/*!40000 ALTER TABLE `modalities` ENABLE KEYS */;
UNLOCK TABLES;
/*!40103 SET TIME_ZONE=@OLD_TIME_ZONE */;

/*!40101 SET SQL_MODE=@OLD_SQL_MODE */;
/*!40014 SET FOREIGN_KEY_CHECKS=@OLD_FOREIGN_KEY_CHECKS */;
/*!40014 SET UNIQUE_CHECKS=@OLD_UNIQUE_CHECKS */;
/*!40111 SET SQL_NOTES=@OLD_SQL_NOTES */;

-- Dump completed on 2020-11-22 18:28:39
